Position,Const,Created,Modified,Description,Title,Original Title,URL,Title Type,IMDb Rating,Runtime (mins),Year,Genres,Num Votes,Release Date,Directors
1,tt9770150,2021-07-23,2021-07-23,"*** 2021 Best Picture Winner ***","Nomadland","Nomadland",https://www.imdb.com/title/tt9770150/,Movie,7.3,107,2020,"Drama",187293,2021-02-19,"Chloé Zhao"
2,tt10272386,2021-07-23,2021-07-23,,"The Father","The Father",https://www.imdb.com/title/tt10272386/,Movie,8.2,97,2020,"Drama, Mystery",200830,2021-02-26,"Florian Zeller"
3,tt9784798,2021-07-23,2021-07-23,,"Judas and the Black Messiah","Judas and the Black Messiah",https://www.imdb.com/title/tt9784798/,Movie,7.4,126,2021,"Biography, Drama, History",92860,2021-02-12,"Shaka King"
4,tt10618286,2021-07-23,2021-07-23,,"Mank","Mank",https://www.imdb.com/title/tt10618286/,Movie,6.8,131,2020,"Biography, Drama",83832,2020-12-04,"David Fincher"
5,tt10633456,2021-07-23,2021-07-23,,"Minari","Minari",https://www.imdb.com/title/tt10633456/,Movie,7.4,115,2020,"Drama",100153,2021-02-12,"Lee Isaac Chung"
6,tt9620292,2021-07-23,2021-07-23,,"Promising Young Woman","Promising Young Woman",https://www.imdb.com/title/tt9620292/,Movie,7.5,113,2020,"Crime, Drama, Mystery, Thriller",217089,2020-12-25,"Emerald Fennell"
7,tt5363618,2021-07-23,2021-07-23,,"Sound of Metal","Sound of Metal",https://www.imdb.com/title/tt5363618/,Movie,7.7,120,2019,"Drama, Music",154298,2020-12-04,"Darius Marder"
8,tt1070874,2021-07-23,2021-07-23,,"The Trial of the Chicago 7","The Trial of the Chicago 7",https://www.imdb.com/title/tt1070874/,Movie,7.7,129,2020,"Drama, History, Thriller",196235,2020-10-16,"Aaron Sorkin"
9,tt6751668,2020-06-05,2020-06-05,"*** 2020 Best Picture Winner ***","Parasite","Gisaengchung",https://www.imdb.com/title/tt6751668/,Movie,8.5,132,2019,"Drama, Thriller",996510,2019-11-08,"Bong Joon Ho"
10,tt1950186,2020-06-05,2020-06-05,,"Ford v Ferrari","Ford v Ferrari",https://www.imdb.com/title/tt1950186/,Movie,8.1,152,2019,"Action, Biography, Drama, Sport",496597,2019-11-15,"James Mangold"
11,tt7286456,2020-06-05,2020-06-05,,"Joker","Joker",https://www.imdb.com/title/tt7286456/,Movie,8.4,122,2019,"Crime, Drama, Thriller",1540583,2019-10-04,"Todd Phillips"
12,tt7653254,2020-06-05,2020-06-05,,"Marriage Story","Marriage Story",https://www.imdb.com/title/tt7653254/,Movie,7.9,137,2019,"Drama, Romance",352608,2019-12-06,"Noah Baumbach"
13,tt1302006,2020-06-05,2020-06-05,,"The Irishman","The Irishman",https://www.imdb.com/title/tt1302006/,Movie,7.8,209,2019,"Biography, Crime, Drama",439671,2019-11-27,"Martin Scorsese"
14,tt8579674,2020-06-05,2020-06-05,,"1917","1917",https://www.imdb.com/title/tt8579674/,Movie,8.2,119,2019,"Action, Drama, History, War",697139,2020-01-10,"Sam Mendes"
15,tt2584384,2020-06-05,2020-06-05,,"Jojo Rabbit","Jojo Rabbit",https://www.imdb.com/title/tt2584384/,Movie,7.9,108,2019,"Comedy, Drama, War",451831,2019-11-08,"Taika Waititi"
16,tt3281548,2020-06-05,2020-06-05,,"Little Women","Little Women",https://www.imdb.com/title/tt3281548/,Movie,7.8,135,2019,"Drama, Romance",254152,2019-12-25,"Greta Gerwig"
17,tt7131622,2020-06-05,2020-06-05,,"Once Upon a Time... in Hollywood","Once Upon a Time in... Hollywood",https://www.imdb.com/title/tt7131622/,Movie,7.6,161,2019,"Comedy, Drama",871990,2019-07-26,"Quentin Tarantino"
18,tt6966692,2019-02-22,2020-06-05,"*** 2019 Best Picture Winner ***","Green Book","Green Book",https://www.imdb.com/title/tt6966692/,Movie,8.2,130,2018,"Biography, Comedy, Drama, Music",595147,2018-11-16,"Peter Farrelly"
19,tt1825683,2019-02-22,2019-02-22,,"Black Panther","Black Panther",https://www.imdb.com/title/tt1825683/,Movie,7.3,134,2018,"Action, Adventure, Sci-Fi",851750,2018-02-16,"Ryan Coogler"
20,tt7349662,2019-02-22,2019-02-22,,"BlacKkKlansman","BlacKkKlansman",https://www.imdb.com/title/tt7349662/,Movie,7.5,135,2018,"Biography, Comedy, Crime, Drama",296031,2018-08-10,"Spike Lee"
21,tt1727824,2019-02-22,2019-02-22,,"Bohemian Rhapsody","Bohemian Rhapsody",https://www.imdb.com/title/tt1727824/,Movie,7.9,134,2018,"Biography, Drama, Music",605493,2018-11-02,"Bryan Singer"
22,tt5083738,2019-02-22,2019-02-22,,"The Favourite","The Favourite",https://www.imdb.com/title/tt5083738/,Movie,7.5,119,2018,"Biography, Comedy, Drama, History",240998,2018-12-21,"Yorgos Lanthimos"
23,tt6155172,2019-02-22,2019-02-22,,"Roma","Roma",https://www.imdb.com/title/tt6155172/,Movie,7.7,135,2018,"Drama",171564,2018-12-14,"Alfonso Cuarón"
24,tt1517451,2019-02-22,2019-02-22,,"A Star Is Born","A Star Is Born",https://www.imdb.com/title/tt1517451/,Movie,7.6,136,2018,"Drama, Music, Romance",426571,2018-10-05,"Bradley Cooper"
25,tt6266538,2019-02-22,2019-02-22,,"Vice","Vice",https://www.imdb.com/title/tt6266538/,Movie,7.2,132,2018,"Biography, Comedy, Drama, History",165083,2018-12-25,"Adam McKay"
26,tt5580390,2018-05-18,2019-02-25,"*** 2018 Best Picture Winner ***","The Shape of Water","The Shape of Water",https://www.imdb.com/title/tt5580390/,Movie,7.3,123,2017,"Drama, Fantasy, Romance, Sci-Fi",452826,2017-12-22,"Guillermo del Toro"
27,tt5013056,2018-05-18,2018-05-18,,"Dunkirk","Dunkirk",https://www.imdb.com/title/tt5013056/,Movie,7.8,106,2017,"Action, Drama, History, Thriller, War",753429,2017-07-21,"Christopher Nolan"
28,tt5027774,2018-05-18,2018-05-18,,"Three Billboards Outside Ebbing, Missouri","Three Billboards Outside Ebbing, Missouri",https://www.imdb.com/title/tt5027774/,Movie,8.1,115,2017,"Comedy, Crime, Drama",565323,2017-12-01,"Martin McDonagh"
29,tt4925292,2018-05-18,2018-05-18,,"Lady Bird","Lady Bird",https://www.imdb.com/title/tt4925292/,Movie,7.4,94,2017,"Comedy, Drama",340205,2017-12-01,"Greta Gerwig"
30,tt6294822,2018-05-18,2018-05-18,,"The Post","The Post",https://www.imdb.com/title/tt6294822/,Movie,7.2,116,2017,"Biography, Drama, History, Thriller, War",164517,2018-01-12,"Steven Spielberg"
31,tt5052448,2018-05-18,2018-05-18,,"Get Out","Get Out",https://www.imdb.com/title/tt5052448/,Movie,7.8,104,2017,"Horror, Mystery, Thriller",726777,2017-02-24,"Jordan Peele"
32,tt5726616,2018-05-18,2018-05-18,,"Call Me by Your Name","Call Me by Your Name",https://www.imdb.com/title/tt5726616/,Movie,7.8,132,2017,"Drama, Romance",325911,2018-01-19,"Luca Guadagnino"
33,tt4555426,2018-05-18,2018-05-18,,"Darkest Hour","Darkest Hour",https://www.imdb.com/title/tt4555426/,Movie,7.4,125,2017,"Drama, War",224355,2017-12-22,"Joe Wright"
34,tt5294550,2018-05-18,2018-05-18,,"All the Money in the World","All the Money in the World",https://www.imdb.com/title/tt5294550/,Movie,6.8,132,2017,"Crime, Drama, History, Mystery, Thriller",92224,2017-12-25,"Ridley Scott"
35,tt4975722,2017-08-23,2018-05-18,"*** 2017 Best Picture Winner ***","Moonlight","Moonlight",https://www.imdb.com/title/tt4975722/,Movie,7.4,111,2016,"Drama",336173,2016-11-18,"Barry Jenkins"
36,tt2543164,2017-08-23,2017-08-23,,"Arrival","Arrival",https://www.imdb.com/title/tt2543164/,Movie,7.9,116,2016,"Drama, Mystery, Sci-Fi",789511,2016-11-11,"Denis Villeneuve"
37,tt2671706,2017-08-23,2017-08-23,,"Fences","Fences",https://www.imdb.com/title/tt2671706/,Movie,7.2,139,2016,"Drama",119709,2016-12-25,"Denzel Washington"
38,tt2119532,2017-08-23,2017-08-23,,"Hacksaw Ridge","Hacksaw Ridge",https://www.imdb.com/title/tt2119532/,Movie,8.1,139,2016,"Biography, Drama, History, War",611813,2016-11-04,"Mel Gibson"
39,tt2582782,2017-08-23,2017-08-23,,"Hell or High Water","Hell or High Water",https://www.imdb.com/title/tt2582782/,Movie,7.6,102,2016,"Crime, Drama, Thriller, Western",257171,2016-08-26,"David Mackenzie"
40,tt4846340,2017-08-23,2017-08-23,,"Hidden Figures","Hidden Figures",https://www.imdb.com/title/tt4846340/,Movie,7.8,127,2016,"Biography, Drama, History",261942,2017-01-06,"Theodore Melfi"
41,tt3783958,2017-08-23,2017-08-23,,"La La Land","La La Land",https://www.imdb.com/title/tt3783958/,Movie,8.0,128,2016,"Comedy, Drama, Music, Musical, Romance",691603,2016-12-25,"Damien Chazelle"
42,tt3741834,2017-08-23,2017-08-23,,"Lion","Lion",https://www.imdb.com/title/tt3741834/,Movie,8.0,118,2016,"Biography, Drama",254554,2017-01-06,"Garth Davis"
43,tt4034228,2017-08-23,2018-03-20,,"Manchester by the Sea","Manchester by the Sea",https://www.imdb.com/title/tt4034228/,Movie,7.8,137,2016,"Drama",321247,2016-12-16,"Kenneth Lonergan"
44,tt1895587,2017-08-23,2019-02-25,"*** 2016 Best Picture Winner ***","Spotlight","Spotlight",https://www.imdb.com/title/tt1895587/,Movie,8.1,129,2015,"Biography, Crime, Drama",508360,2015-11-20,"Tom McCarthy"
45,tt1596363,2017-08-23,2017-08-23,,"The Big Short","The Big Short",https://www.imdb.com/title/tt1596363/,Movie,7.8,130,2015,"Biography, Comedy, Drama, History",495199,2015-12-23,"Adam McKay"
46,tt3682448,2017-08-23,2017-08-23,,"Bridge of Spies","Bridge of Spies",https://www.imdb.com/title/tt3682448/,Movie,7.6,142,2015,"Drama, History, Thriller, War",331130,2015-10-16,"Steven Spielberg"
47,tt2381111,2017-08-23,2017-08-23,,"Brooklyn","Brooklyn",https://www.imdb.com/title/tt2381111/,Movie,7.5,117,2015,"Drama, Romance",152201,2015-11-25,"John Crowley"
48,tt1392190,2017-08-23,2017-08-23,,"Mad Max: Fury Road","Mad Max: Fury Road",https://www.imdb.com/title/tt1392190/,Movie,8.1,120,2015,"Action, Adventure, Sci-Fi, Thriller",1132773,2015-05-15,"George Miller"
49,tt3659388,2017-08-23,2017-08-23,,"The Martian","The Martian",https://www.imdb.com/title/tt3659388/,Movie,8.0,144,2015,"Adventure, Drama, Sci-Fi",943985,2015-10-02,"Ridley Scott"
50,tt1663202,2017-08-23,2017-08-23,,"The Revenant","The Revenant",https://www.imdb.com/title/tt1663202/,Movie,8.0,156,2015,"Action, Adventure, Drama, Western",889229,2016-01-08,"Alejandro G. Iñárritu"
51,tt3170832,2017-08-23,2017-08-23,,"Room","Room",https://www.imdb.com/title/tt3170832/,Movie,8.1,118,2015,"Drama, Thriller",457996,2016-01-22,"Lenny Abrahamson"
52,tt2562232,2015-02-27,2019-02-25,"*** 2015 Best Picture Winner ***","Birdman or (The Unexpected Virtue of Ignorance)","Birdman or (The Unexpected Virtue of Ignorance)",https://www.imdb.com/title/tt2562232/,Movie,7.7,119,2014,"Comedy, Drama",673341,2014-11-14,"Alejandro G. Iñárritu"
53,tt2179136,2015-02-27,2015-02-27,,"American Sniper","American Sniper",https://www.imdb.com/title/tt2179136/,Movie,7.3,133,2014,"Action, Biography, Drama, War",537998,2015-01-16,"Clint Eastwood"
54,tt1065073,2015-02-27,2015-02-27,,"Boyhood","Boyhood",https://www.imdb.com/title/tt1065073/,Movie,7.9,165,2014,"Drama",370668,2014-08-15,"Richard Linklater"
55,tt2084970,2015-02-27,2015-02-27,,"The Imitation Game","The Imitation Game",https://www.imdb.com/title/tt2084970/,Movie,8.0,114,2014,"Biography, Drama, Thriller, War",836286,2014-12-25,"Morten Tyldum"
56,tt2278388,2015-02-27,2015-02-27,,"The Grand Budapest Hotel","The Grand Budapest Hotel",https://www.imdb.com/title/tt2278388/,Movie,8.1,99,2014,"Adventure, Comedy, Crime",902043,2014-03-28,"Wes Anderson"
57,tt1020072,2015-02-27,2015-02-27,,"Selma","Selma",https://www.imdb.com/title/tt1020072/,Movie,7.5,128,2014,"Biography, Drama, History",96173,2015-01-09,"Ava DuVernay"
58,tt2980516,2015-02-27,2015-02-27,,"The Theory of Everything","The Theory of Everything",https://www.imdb.com/title/tt2980516/,Movie,7.7,123,2014,"Biography, Drama, Romance",487344,2014-11-26,"James Marsh"
59,tt2582802,2015-02-27,2015-02-27,,"Whiplash","Whiplash",https://www.imdb.com/title/tt2582802/,Movie,8.5,106,2014,"Drama, Music",1020868,2014-10-15,"Damien Chazelle"
60,tt2024544,2014-01-16,2018-05-18,"*** 2014 Best Picture Winner ***","12 Years a Slave","12 Years a Slave",https://www.imdb.com/title/tt2024544/,Movie,8.1,134,2013,"Biography, Drama, History",750421,2013-11-08,"Steve McQueen"
61,tt1800241,2014-01-16,2014-01-16,,"American Hustle","American Hustle",https://www.imdb.com/title/tt1800241/,Movie,7.2,138,2013,"Crime, Drama",504469,2013-12-20,"David O. Russell"
62,tt1535109,2014-01-16,2014-01-16,,"Captain Phillips","Captain Phillips",https://www.imdb.com/title/tt1535109/,Movie,7.8,134,2013,"Action, Biography, Crime, Drama, Thriller",498968,2013-10-11,"Paul Greengrass"
63,tt0790636,2014-01-16,2014-01-16,,"Dallas Buyers Club","Dallas Buyers Club",https://www.imdb.com/title/tt0790636/,Movie,7.9,117,2013,"Biography, Drama",525620,2013-11-22,"Jean-Marc Vallée"
64,tt1454468,2014-01-16,2014-01-16,,"Gravity","Gravity",https://www.imdb.com/title/tt1454468/,Movie,7.7,91,2013,"Drama, Sci-Fi, Thriller",870859,2013-10-04,"Alfonso Cuarón"
65,tt1798709,2014-01-16,2014-01-16,,"Her","Her",https://www.imdb.com/title/tt1798709/,Movie,8.0,126,2013,"Drama, Romance, Sci-Fi",683513,2014-01-10,"Spike Jonze"
66,tt1821549,2014-01-16,2014-01-16,,"Nebraska","Nebraska",https://www.imdb.com/title/tt1821549/,Movie,7.7,115,2013,"Drama",124755,2014-01-24,"Alexander Payne"
67,tt2431286,2014-01-16,2014-01-16,,"Philomena","Philomena",https://www.imdb.com/title/tt2431286/,Movie,7.6,98,2013,"Biography, Comedy, Drama",104436,2013-11-27,"Stephen Frears"
68,tt0993846,2014-01-16,2014-01-16,,"The Wolf of Wall Street","The Wolf of Wall Street",https://www.imdb.com/title/tt0993846/,Movie,8.2,180,2013,"Biography, Comedy, Crime, Drama",1622950,2013-12-25,"Martin Scorsese"
69,tt1024648,2013-01-10,2018-05-18,"*** 2013 Best Picture Winner ***","Argo","Argo",https://www.imdb.com/title/tt1024648/,Movie,7.7,120,2012,"Biography, Drama, History, Thriller",644706,2012-10-12,"Ben Affleck"
70,tt2125435,2013-01-10,2013-01-10,,"Beasts of the Southern Wild","Beasts of the Southern Wild",https://www.imdb.com/title/tt2125435/,Movie,7.2,93,2012,"Adventure, Drama, Fantasy",85419,2012-07-05,"Benh Zeitlin"
71,tt1790885,2013-01-10,2013-01-10,,"Zero Dark Thirty","Zero Dark Thirty",https://www.imdb.com/title/tt1790885/,Movie,7.4,157,2012,"Drama, History, Thriller",323224,2013-01-11,"Kathryn Bigelow"
72,tt1602620,2013-01-10,2013-01-10,,"Amour","Amour",https://www.imdb.com/title/tt1602620/,Movie,7.9,127,2012,"Drama",106799,2012-09-20,"Michael Haneke"
73,tt1045658,2013-01-10,2013-01-10,,"Silver Linings Playbook","Silver Linings Playbook",https://www.imdb.com/title/tt1045658/,Movie,7.7,122,2012,"Comedy, Drama, Romance",749565,2012-12-25,"David O. Russell"
74,tt0443272,2013-01-10,2013-01-10,,"Lincoln","Lincoln",https://www.imdb.com/title/tt0443272/,Movie,7.3,150,2012,"Biography, Drama, History, War",275149,2012-11-16,"Steven Spielberg"
75,tt0454876,2013-01-10,2013-01-10,,"Life of Pi","Life of Pi",https://www.imdb.com/title/tt0454876/,Movie,7.9,127,2012,"Adventure, Drama, Fantasy",674323,2012-11-21,"Ang Lee"
76,tt1707386,2013-01-10,2013-01-10,,"Les Misérables","Les Misérables",https://www.imdb.com/title/tt1707386/,Movie,7.5,158,2012,"Drama, Musical, Romance",349503,2012-12-25,"Tom Hooper"
77,tt1853728,2013-01-10,2013-01-10,,"Django Unchained","Django Unchained",https://www.imdb.com/title/tt1853728/,Movie,8.5,165,2012,"Comedy, Drama, Western",1731528,2012-12-25,"Quentin Tarantino"
78,tt1655442,2012-07-19,2018-05-18,"*** 2012 Best Picture Winner ***","The Artist","The Artist",https://www.imdb.com/title/tt1655442/,Movie,7.9,100,2011,"Comedy, Drama, Romance",250091,2012-01-20,"Michel Hazanavicius"
79,tt0478304,2012-07-19,2012-07-19,,"The Tree of Life","The Tree of Life",https://www.imdb.com/title/tt0478304/,Movie,6.8,139,2011,"Drama, Fantasy",185685,2011-05-17,"Terrence Malick"
80,tt1033575,2012-07-19,2012-07-19,,"The Descendants","The Descendants",https://www.imdb.com/title/tt1033575/,Movie,7.3,115,2011,"Comedy, Drama",254004,2011-12-09,"Alexander Payne"
81,tt0477302,2012-07-19,2012-07-19,,"Extremely Loud & Incredibly Close","Extremely Loud & Incredibly Close",https://www.imdb.com/title/tt0477302/,Movie,6.9,129,2011,"Adventure, Drama, Mystery",105680,2012-01-20,"Stephen Daldry"
82,tt1454029,2012-07-19,2012-07-19,,"The Help","The Help",https://www.imdb.com/title/tt1454029/,Movie,8.1,146,2011,"Drama",500888,2011-08-10,"Tate Taylor"
83,tt0970179,2012-07-19,2012-07-19,,"Hugo","Hugo",https://www.imdb.com/title/tt0970179/,Movie,7.5,126,2011,"Adventure, Drama, Family, Fantasy, Mystery",339468,2011-11-23,"Martin Scorsese"
84,tt1605783,2012-07-19,2012-07-19,,"Midnight in Paris","Midnight in Paris",https://www.imdb.com/title/tt1605783/,Movie,7.6,94,2011,"Comedy, Fantasy, Romance",454440,2011-06-10,"Woody Allen"
85,tt1210166,2012-07-19,2012-07-19,,"Moneyball","Moneyball",https://www.imdb.com/title/tt1210166/,Movie,7.6,133,2011,"Biography, Drama, Sport",473764,2011-09-23,"Bennett Miller"
86,tt1568911,2012-07-19,2012-07-19,,"War Horse","War Horse",https://www.imdb.com/title/tt1568911/,Movie,7.2,146,2011,"Action, Adventure, Drama, War",167192,2011-12-25,"Steven Spielberg"
87,tt1504320,2012-07-19,2018-05-18,"*** 2011 Best Picture Winner ***","The King's Speech","The King's Speech",https://www.imdb.com/title/tt1504320/,Movie,8.0,118,2010,"Biography, Drama, History",713535,2010-12-25,"Tom Hooper"
88,tt1542344,2012-07-19,2012-07-19,,"127 Hours","127 Hours",https://www.imdb.com/title/tt1542344/,Movie,7.5,94,2010,"Biography, Drama",406496,2011-01-28,"Danny Boyle"
89,tt0947798,2012-07-19,2012-07-19,,"Black Swan","Black Swan",https://www.imdb.com/title/tt0947798/,Movie,8.0,108,2010,"Drama, Thriller",838842,2010-12-17,"Darren Aronofsky"
90,tt0964517,2012-07-19,2012-07-19,,"The Fighter","The Fighter",https://www.imdb.com/title/tt0964517/,Movie,7.8,116,2010,"Action, Biography, Drama, Sport",393023,2010-12-17,"David O. Russell"
91,tt1375666,2012-07-19,2012-07-19,,"Inception","Inception",https://www.imdb.com/title/tt1375666/,Movie,8.8,148,2010,"Action, Adventure, Sci-Fi, Thriller",2598818,2010-07-16,"Christopher Nolan"
92,tt0842926,2012-07-19,2012-07-19,,"The Kids Are All Right","The Kids Are All Right",https://www.imdb.com/title/tt0842926/,Movie,7.0,106,2010,"Comedy, Drama, Romance",135232,2010-07-30,"Lisa Cholodenko"
93,tt1285016,2012-07-19,2012-07-19,,"The Social Network","The Social Network",https://www.imdb.com/title/tt1285016/,Movie,7.8,120,2010,"Biography, Drama",771513,2010-10-01,"David Fincher"
94,tt0435761,2012-07-19,2012-07-19,,"Toy Story 3","Toy Story 3",https://www.imdb.com/title/tt0435761/,Movie,8.3,103,2010,"Animation, Adventure, Comedy, Family, Fantasy",907182,2010-06-29,"Lee Unkrich"
95,tt1403865,2012-07-19,2012-07-19,,"True Grit","True Grit",https://www.imdb.com/title/tt1403865/,Movie,7.6,110,2010,"Drama, Western",361401,2010-12-22,"Ethan Coen, Joel Coen"
96,tt0887912,2012-07-19,2018-05-18,"*** 2010 Best Picture Winner ***","The Hurt Locker","The Hurt Locker",https://www.imdb.com/title/tt0887912/,Movie,7.5,131,2008,"Drama, Thriller, War",478197,2009-07-31,"Kathryn Bigelow"
97,tt1019452,2012-07-19,2012-07-19,,"A Serious Man","A Serious Man",https://www.imdb.com/title/tt1019452/,Movie,7.0,106,2009,"Comedy, Drama",151831,2009-11-06,"Ethan Coen, Joel Coen"
98,tt1174732,2012-07-19,2012-07-19,,"An Education","An Education",https://www.imdb.com/title/tt1174732/,Movie,7.2,100,2009,"Drama",138813,2010-02-05,"Lone Scherfig"
99,tt0499549,2012-07-19,2012-07-19,,"Avatar","Avatar",https://www.imdb.com/title/tt0499549/,Movie,7.9,162,2009,"Action, Adventure, Fantasy, Sci-Fi",1403924,2009-12-18,"James Cameron"
100,tt1136608,2012-07-19,2012-07-19,,"District 9","District 9",https://www.imdb.com/title/tt1136608/,Movie,7.9,112,2009,"Action, Sci-Fi, Thriller",724919,2009-08-14,"Neill Blomkamp"
101,tt0361748,2012-07-19,2012-07-19,,"Inglourious Basterds","Inglourious Basterds",https://www.imdb.com/title/tt0361748/,Movie,8.4,153,2009,"Adventure, Drama, War",1619484,2009-08-21,"Quentin Tarantino"
102,tt0929632,2012-07-19,2012-07-19,,"Precious","Precious",https://www.imdb.com/title/tt0929632/,Movie,7.3,110,2009,"Drama",117228,2009-11-20,"Lee Daniels"
103,tt0878804,2012-07-19,2012-07-19,,"The Blind Side","The Blind Side",https://www.imdb.com/title/tt0878804/,Movie,7.6,129,2009,"Biography, Drama, Sport",365839,2009-11-20,"John Lee Hancock"
104,tt1049413,2012-07-19,2012-07-19,,"Up","Up",https://www.imdb.com/title/tt1049413/,Movie,8.3,96,2009,"Animation, Adventure, Comedy, Drama, Family",1147475,2009-07-23,"Pete Docter, Bob Peterson"
105,tt1193138,2012-07-19,2012-07-19,,"Up in the Air","Up in the Air",https://www.imdb.com/title/tt1193138/,Movie,7.4,109,2009,"Comedy, Drama, Romance",351927,2009-12-23,"Jason Reitman"
106,tt1010048,2012-07-19,2018-05-18,"*** 2009 Best Picture Winner ***","Slumdog Millionaire","Slumdog Millionaire",https://www.imdb.com/title/tt1010048/,Movie,8.0,120,2008,"Crime, Drama, Romance",884718,2008-12-25,"Danny Boyle, Loveleen Tandan"
107,tt0421715,2012-07-19,2012-07-19,,"The Curious Case of Benjamin Button","The Curious Case of Benjamin Button",https://www.imdb.com/title/tt0421715/,Movie,7.8,166,2008,"Drama, Fantasy, Romance",705731,2008-12-25,"David Fincher"
108,tt0870111,2012-07-19,2012-07-19,,"Frost/Nixon","Frost/Nixon",https://www.imdb.com/title/tt0870111/,Movie,7.7,122,2008,"Biography, Drama, History",113214,2009-01-23,"Ron Howard"
109,tt1013753,2012-07-19,2012-07-19,,"Milk","Milk",https://www.imdb.com/title/tt1013753/,Movie,7.5,128,2008,"Biography, Drama, History",181020,2009-01-30,"Gus Van Sant"
110,tt0976051,2012-07-19,2012-07-19,,"The Reader","The Reader",https://www.imdb.com/title/tt0976051/,Movie,7.6,124,2008,"Drama, Mystery, Romance",263331,2009-01-30,"Stephen Daldry"
111,tt0477348,2012-07-19,2018-05-18,"*** 2008 Best Picture Winner ***","No Country for Old Men","No Country for Old Men",https://www.imdb.com/title/tt0477348/,Movie,8.2,122,2007,"Crime, Drama, Thriller",1084182,2007-11-21,"Ethan Coen, Joel Coen"
112,tt0783233,2012-07-19,2012-07-19,,"Atonement","Atonement",https://www.imdb.com/title/tt0783233/,Movie,7.8,123,2007,"Drama, Mystery, Romance, War",304341,2008-01-11,"Joe Wright"
113,tt0467406,2012-07-19,2012-07-19,,"Juno","Juno",https://www.imdb.com/title/tt0467406/,Movie,7.4,96,2007,"Comedy, Drama",554936,2007-12-25,"Jason Reitman"
114,tt0465538,2012-07-19,2012-07-19,,"Michael Clayton","Michael Clayton",https://www.imdb.com/title/tt0465538/,Movie,7.2,119,2007,"Crime, Drama, Mystery, Thriller",175599,2007-10-12,"Tony Gilroy"
115,tt0469494,2012-07-19,2012-07-19,,"There Will Be Blood","There Will Be Blood",https://www.imdb.com/title/tt0469494/,Movie,8.2,158,2007,"Drama",652006,2008-01-25,"Paul Thomas Anderson"
116,tt0407887,2012-07-19,2018-05-18,"*** 2007 Best Picture Winner ***","The Departed","The Departed",https://www.imdb.com/title/tt0407887/,Movie,8.5,151,2006,"Crime, Drama, Thriller",1446450,2006-10-06,"Martin Scorsese"
117,tt0449467,2012-07-20,2012-07-20,,"Babel","Babel",https://www.imdb.com/title/tt0449467/,Movie,7.5,143,2006,"Drama",319649,2006-11-10,"Alejandro G. Iñárritu"
118,tt0498380,2012-07-20,2012-07-20,,"Letters from Iwo Jima","Letters from Iwo Jima",https://www.imdb.com/title/tt0498380/,Movie,7.8,141,2006,"Action, Adventure, Drama, History, War",171572,2007-02-02,"Clint Eastwood"
119,tt0449059,2012-07-20,2012-07-20,,"Little Miss Sunshine","Little Miss Sunshine",https://www.imdb.com/title/tt0449059/,Movie,7.8,101,2006,"Comedy, Drama",525891,2006-08-18,"Jonathan Dayton, Valerie Faris"
120,tt0436697,2012-07-20,2012-07-20,,"The Queen","The Queen",https://www.imdb.com/title/tt0436697/,Movie,7.3,103,2006,"Biography, Drama",116717,2006-11-17,"Stephen Frears"
121,tt0375679,2012-07-20,2018-05-18,"*** 2006 Best Picture Winner ***","Crash","Crash",https://www.imdb.com/title/tt0375679/,Movie,7.7,112,2004,"Crime, Drama, Thriller",451591,2005-05-06,"Paul Haggis"
122,tt0388795,2012-07-20,2012-07-20,,"Brokeback Mountain","Brokeback Mountain",https://www.imdb.com/title/tt0388795/,Movie,7.7,134,2005,"Drama, Romance",390940,2006-01-13,"Ang Lee"
123,tt0379725,2012-07-20,2012-07-20,,"Capote","Capote",https://www.imdb.com/title/tt0379725/,Movie,7.3,114,2005,"Biography, Crime, Drama, History",142484,2006-02-03,"Bennett Miller"
124,tt0433383,2012-07-20,2012-07-20,,"Good Night, and Good Luck.","Good Night, and Good Luck.",https://www.imdb.com/title/tt0433383/,Movie,7.4,93,2005,"Biography, Drama, History",101947,2005-11-04,"George Clooney"
125,tt0408306,2012-07-20,2012-07-20,,"Munich","Munich",https://www.imdb.com/title/tt0408306/,Movie,7.5,164,2005,"Action, Drama, History, Thriller",242260,2006-01-06,"Steven Spielberg"
126,tt0405159,2012-07-20,2018-05-18,"*** 2005 Best Picture Winner ***","Million Dollar Baby","Million Dollar Baby",https://www.imdb.com/title/tt0405159/,Movie,8.1,132,2004,"Drama, Sport",730634,2005-01-28,"Clint Eastwood"
127,tt0338751,2012-07-20,2012-07-20,,"The Aviator","The Aviator",https://www.imdb.com/title/tt0338751/,Movie,7.5,170,2004,"Biography, Drama",388510,2004-12-25,"Martin Scorsese"
128,tt0308644,2012-07-20,2012-07-20,,"Finding Neverland","Finding Neverland",https://www.imdb.com/title/tt0308644/,Movie,7.7,106,2004,"Biography, Drama, Family",213164,2004-12-17,"Marc Forster"
129,tt0350258,2012-07-20,2012-07-20,,"Ray","Ray",https://www.imdb.com/title/tt0350258/,Movie,7.7,152,2004,"Biography, Drama, Music",158917,2004-10-29,"Taylor Hackford"
130,tt0375063,2012-07-20,2012-07-20,,"Sideways","Sideways",https://www.imdb.com/title/tt0375063/,Movie,7.5,127,2004,"Comedy, Drama, Romance",207300,2004-10-22,"Alexander Payne"
131,tt0167260,2012-07-20,2018-05-18,"*** 2004 Best Picture Winner ***","The Lord of the Rings: The Return of the King","The Lord of the Rings: The Return of the King",https://www.imdb.com/title/tt0167260/,Movie,9.0,201,2003,"Action, Adventure, Drama, Fantasy",2017237,2003-12-17,"Peter Jackson"
132,tt0335266,2012-07-20,2012-07-20,,"Lost in Translation","Lost in Translation",https://www.imdb.com/title/tt0335266/,Movie,7.7,102,2003,"Comedy, Drama",499945,2003-10-03,"Sofia Coppola"
133,tt0311113,2012-07-20,2012-07-20,,"Master and Commander: The Far Side of the World","Master and Commander: The Far Side of the World",https://www.imdb.com/title/tt0311113/,Movie,7.5,138,2003,"Action, Adventure, Drama, War",241567,2003-11-14,"Peter Weir"
134,tt0327056,2012-07-20,2012-07-20,,"Mystic River","Mystic River",https://www.imdb.com/title/tt0327056/,Movie,7.9,138,2003,"Crime, Drama, Mystery, Thriller",493027,2003-10-15,"Clint Eastwood"
135,tt0329575,2012-07-20,2012-07-20,,"Seabiscuit","Seabiscuit",https://www.imdb.com/title/tt0329575/,Movie,7.3,140,2003,"Drama, History, Sport",77482,2003-07-25,"Gary Ross"
136,tt0299658,2012-07-20,2018-05-18,"*** 2003 Best Picture Winner ***","Chicago","Chicago",https://www.imdb.com/title/tt0299658/,Movie,7.2,113,2002,"Comedy, Crime, Musical",246344,2003-01-24,"Rob Marshall"
137,tt0217505,2012-07-20,2012-07-20,,"Gangs of New York","Gangs of New York",https://www.imdb.com/title/tt0217505/,Movie,7.5,167,2002,"Crime, Drama",479191,2002-12-20,"Martin Scorsese"
138,tt0274558,2012-07-20,2012-07-20,,"The Hours","The Hours",https://www.imdb.com/title/tt0274558/,Movie,7.5,110,2002,"Drama, Romance",141669,2003-02-14,"Stephen Daldry"
139,tt0167261,2012-07-20,2012-07-20,,"The Lord of the Rings: The Two Towers","The Lord of the Rings: The Two Towers",https://www.imdb.com/title/tt0167261/,Movie,8.8,179,2002,"Action, Adventure, Drama, Fantasy",1818682,2002-12-18,"Peter Jackson"
140,tt0253474,2012-07-20,2012-07-20,,"The Pianist","The Pianist",https://www.imdb.com/title/tt0253474/,Movie,8.5,150,2002,"Biography, Drama, Music, War",933103,2003-03-28,"Roman Polanski"
141,tt0268978,2012-07-20,2018-05-18,"*** 2002 Best Picture Winner ***","A Beautiful Mind","A Beautiful Mind",https://www.imdb.com/title/tt0268978/,Movie,8.2,135,2001,"Biography, Drama, Mystery",1001082,2002-01-04,"Ron Howard"
142,tt0280707,2012-07-20,2012-07-20,,"Gosford Park","Gosford Park",https://www.imdb.com/title/tt0280707/,Movie,7.2,137,2001,"Comedy, Drama, Mystery",95410,2002-01-18,"Robert Altman"
143,tt0247425,2012-07-20,2012-07-20,,"In the Bedroom","In the Bedroom",https://www.imdb.com/title/tt0247425/,Movie,7.4,131,2001,"Crime, Drama",42816,2002-02-08,"Todd Field"
144,tt0120737,2012-07-20,2012-07-20,,"The Lord of the Rings: The Fellowship of the Ring","The Lord of the Rings: The Fellowship of the Ring",https://www.imdb.com/title/tt0120737/,Movie,8.9,178,2001,"Action, Adventure, Drama, Fantasy",2046615,2001-12-19,"Peter Jackson"
145,tt0203009,2012-07-20,2012-07-20,,"Moulin Rouge!","Moulin Rouge!",https://www.imdb.com/title/tt0203009/,Movie,7.6,127,2001,"Drama, Musical, Romance",302588,2001-06-01,"Baz Luhrmann"
146,tt0172495,2012-07-20,2018-05-18,"*** 2001 Best Picture Winner ***","Gladiator","Gladiator",https://www.imdb.com/title/tt0172495/,Movie,8.5,155,2000,"Action, Adventure, Drama",1660899,2000-05-05,"Ridley Scott"
147,tt0241303,2012-07-20,2012-07-20,,"Chocolat","Chocolat",https://www.imdb.com/title/tt0241303/,Movie,7.2,121,2000,"Drama, Romance",204037,2001-01-19,"Lasse Hallström"
148,tt0190332,2012-07-20,2012-07-20,,"Crouching Tiger, Hidden Dragon","Wo hu cang long",https://www.imdb.com/title/tt0190332/,Movie,7.9,120,2000,"Action, Adventure, Drama, Fantasy, Romance",284220,2001-01-12,"Ang Lee"
149,tt0195685,2012-07-20,2012-07-20,,"Erin Brockovich","Erin Brockovich",https://www.imdb.com/title/tt0195685/,Movie,7.4,131,2000,"Biography, Drama",226027,2000-03-17,"Steven Soderbergh"
150,tt0181865,2012-07-20,2012-07-20,,"Traffic","Traffic",https://www.imdb.com/title/tt0181865/,Movie,7.6,147,2000,"Crime, Drama, Thriller",222071,2001-01-05,"Steven Soderbergh"
151,tt0169547,2012-07-20,2018-05-18,"*** 2000 Best Picture Winner ***","American Beauty","American Beauty",https://www.imdb.com/title/tt0169547/,Movie,8.3,122,1999,"Drama",1225334,1999-10-01,"Sam Mendes"
152,tt0124315,2012-07-20,2012-07-20,,"The Cider House Rules","The Cider House Rules",https://www.imdb.com/title/tt0124315/,Movie,7.4,126,1999,"Drama, Romance",105798,2000-01-07,"Lasse Hallström"
153,tt0120689,2012-07-20,2012-07-20,,"The Green Mile","The Green Mile",https://www.imdb.com/title/tt0120689/,Movie,8.6,189,1999,"Crime, Drama, Fantasy, Mystery",1436105,1999-12-10,"Frank Darabont"
154,tt0140352,2012-07-20,2012-07-20,,"The Insider","The Insider",https://www.imdb.com/title/tt0140352/,Movie,7.8,157,1999,"Biography, Drama, History, Thriller",182830,1999-11-05,"Michael Mann"
155,tt0167404,2012-07-20,2012-07-20,,"The Sixth Sense","The Sixth Sense",https://www.imdb.com/title/tt0167404/,Movie,8.2,107,1999,"Drama, Mystery, Thriller",1071112,1999-08-06,"M. Night Shyamalan"
156,tt0138097,2012-07-20,2018-05-18,"*** 1999 Best Picture Winner ***","Shakespeare in Love","Shakespeare in Love",https://www.imdb.com/title/tt0138097/,Movie,7.1,123,1998,"Comedy, Drama, History, Romance",236238,1999-01-08,"John Madden"
157,tt0127536,2012-07-20,2012-07-20,,"Elizabeth","Elizabeth",https://www.imdb.com/title/tt0127536/,Movie,7.4,124,1998,"Biography, Drama, History",106387,1999-02-19,"Shekhar Kapur"
158,tt0118799,2012-07-20,2012-07-20,,"Life Is Beautiful","La vita è bella",https://www.imdb.com/title/tt0118799/,Movie,8.6,116,1997,"Comedy, Drama, Romance, War",755314,1997-12-20,"Roberto Benigni"
159,tt0120815,2012-07-20,2012-07-20,,"Saving Private Ryan","Saving Private Ryan",https://www.imdb.com/title/tt0120815/,Movie,8.6,169,1998,"Drama, War",1523536,1998-07-24,"Steven Spielberg"
160,tt0120863,2012-07-20,2012-07-20,,"The Thin Red Line","The Thin Red Line",https://www.imdb.com/title/tt0120863/,Movie,7.6,170,1998,"Drama, History, War",202061,1999-01-15,"Terrence Malick"
161,tt0120338,2012-07-20,2019-02-25,"*** 1998 Best Picture Winner ***","Titanic","Titanic",https://www.imdb.com/title/tt0120338/,Movie,7.9,194,1997,"Drama, Romance",1306838,1997-12-19,"James Cameron"
162,tt0119822,2012-07-20,2012-07-20,,"As Good as It Gets","As Good as It Gets",https://www.imdb.com/title/tt0119822/,Movie,7.7,139,1997,"Comedy, Drama, Romance",323031,1997-12-25,"James L. Brooks"
163,tt0119164,2012-07-20,2012-07-20,,"The Full Monty","The Full Monty",https://www.imdb.com/title/tt0119164/,Movie,7.2,91,1997,"Comedy, Drama",115234,1997-09-19,"Peter Cattaneo"
164,tt0119217,2012-07-20,2012-07-20,,"Good Will Hunting","Good Will Hunting",https://www.imdb.com/title/tt0119217/,Movie,8.3,126,1997,"Drama, Romance",1095263,1998-01-09,"Gus Van Sant"
165,tt0119488,2012-07-20,2012-07-20,,"L.A. Confidential","L.A. Confidential",https://www.imdb.com/title/tt0119488/,Movie,8.2,138,1997,"Crime, Drama, Mystery, Thriller",625968,1997-09-19,"Curtis Hanson"
166,tt0116209,2012-07-20,2019-02-25,"*** 1997 Best Picture Winner ***","The English Patient","The English Patient",https://www.imdb.com/title/tt0116209/,Movie,7.4,162,1996,"Drama, Romance, War",205493,1996-12-06,"Anthony Minghella"
167,tt0116282,2012-07-20,2012-07-20,,"Fargo","Fargo",https://www.imdb.com/title/tt0116282/,Movie,8.1,98,1996,"Crime, Thriller",737165,1996-04-05,"Joel Coen, Ethan Coen"
168,tt0116695,2012-07-20,2012-07-20,,"Jerry Maguire","Jerry Maguire",https://www.imdb.com/title/tt0116695/,Movie,7.3,139,1996,"Comedy, Drama, Romance, Sport",291561,1996-12-13,"Cameron Crowe"
169,tt0117589,2012-07-20,2012-07-20,,"Secrets & Lies","Secrets & Lies",https://www.imdb.com/title/tt0117589/,Movie,8.0,136,1996,"Comedy, Drama",48126,1997-02-28,"Mike Leigh"
170,tt0117631,2012-07-20,2012-07-20,,"Shine","Shine",https://www.imdb.com/title/tt0117631/,Movie,7.6,105,1996,"Biography, Drama, Music, Romance",57210,1997-02-14,"Scott Hicks"
171,tt0112573,2012-07-20,2019-02-25,"*** 1996 Best Picture Winner ***","Braveheart","Braveheart",https://www.imdb.com/title/tt0112573/,Movie,8.3,178,1995,"Biography, Drama, War",1105698,1995-05-24,"Mel Gibson"
172,tt0112384,2012-07-20,2012-07-20,,"Apollo 13","Apollo 13",https://www.imdb.com/title/tt0112384/,Movie,7.7,140,1995,"Adventure, Drama, History",320255,1995-06-30,"Ron Howard"
173,tt0112431,2012-07-20,2012-07-20,,"Babe","Babe",https://www.imdb.com/title/tt0112431/,Movie,6.9,91,1995,"Comedy, Drama, Family",136231,1995-08-04,"Chris Noonan"
174,tt0110877,2012-07-20,2012-07-20,,"The Postman","Il postino",https://www.imdb.com/title/tt0110877/,Movie,7.8,108,1994,"Biography, Comedy, Drama, Romance",39555,1996-03-22,"Michael Radford, Massimo Troisi"
175,tt0114388,2012-07-20,2012-07-20,,"Sense and Sensibility","Sense and Sensibility",https://www.imdb.com/title/tt0114388/,Movie,7.7,136,1995,"Drama, Romance",128149,1996-01-26,"Ang Lee"
176,tt0109830,2012-07-20,2019-02-25,"*** 1995 Best Picture Winner ***","Forrest Gump","Forrest Gump",https://www.imdb.com/title/tt0109830/,Movie,8.8,142,1994,"Drama, Romance",2305149,1994-07-06,"Robert Zemeckis"
177,tt0109831,2012-07-20,2012-07-20,,"Four Weddings and a Funeral","Four Weddings and a Funeral",https://www.imdb.com/title/tt0109831/,Movie,7.1,117,1994,"Comedy, Drama, Romance",168949,1994-04-15,"Mike Newell"
178,tt0110912,2012-07-20,2012-07-20,,"Pulp Fiction","Pulp Fiction",https://www.imdb.com/title/tt0110912/,Movie,8.9,154,1994,"Crime, Drama",2263073,1994-10-14,"Quentin Tarantino"
179,tt0110932,2012-07-20,2012-07-20,,"Quiz Show","Quiz Show",https://www.imdb.com/title/tt0110932/,Movie,7.5,133,1994,"Biography, Drama, History",74150,1994-10-07,"Robert Redford"
180,tt0111161,2012-07-20,2012-07-20,,"The Shawshank Redemption","The Shawshank Redemption",https://www.imdb.com/title/tt0111161/,Movie,9.3,142,1994,"Drama",2947303,1994-10-14,"Frank Darabont"
181,tt0108052,2012-07-20,2019-02-25,"*** 1994 Best Picture Winner ***","Schindler's List","Schindler's List",https://www.imdb.com/title/tt0108052/,Movie,9.0,195,1993,"Biography, Drama, History",1478478,1994-02-04,"Steven Spielberg"
182,tt0106977,2012-07-20,2012-07-20,,"The Fugitive","The Fugitive",https://www.imdb.com/title/tt0106977/,Movie,7.8,130,1993,"Action, Crime, Drama, Mystery, Thriller",324874,1993-08-06,"Andrew Davis"
183,tt0107207,2012-07-20,2012-07-20,,"In the Name of the Father","In the Name of the Father",https://www.imdb.com/title/tt0107207/,Movie,8.1,133,1993,"Biography, Crime, Drama",190014,1994-02-25,"Jim Sheridan"
184,tt0107822,2012-07-20,2012-07-20,,"The Piano","The Piano",https://www.imdb.com/title/tt0107822/,Movie,7.5,121,1993,"Drama, Music, Romance",96442,1994-02-11,"Jane Campion"
185,tt0107943,2012-07-20,2012-07-20,,"The Remains of the Day","The Remains of the Day",https://www.imdb.com/title/tt0107943/,Movie,7.8,134,1993,"Drama, Romance",86344,1993-11-19,"James Ivory"
186,tt0105695,2012-07-20,2019-02-25,"*** 1993 Best Picture Winner ***","Unforgiven","Unforgiven",https://www.imdb.com/title/tt0105695/,Movie,8.2,130,1992,"Drama, Western",442482,1992-08-07,"Clint Eastwood"
187,tt0104036,2012-07-20,2012-07-20,,"The Crying Game","The Crying Game",https://www.imdb.com/title/tt0104036/,Movie,7.2,112,1992,"Crime, Drama, Romance, Thriller",60735,1993-02-19,"Neil Jordan"
188,tt0104257,2012-07-20,2012-07-20,,"A Few Good Men","A Few Good Men",https://www.imdb.com/title/tt0104257/,Movie,7.7,138,1992,"Drama, Thriller",293463,1992-12-11,"Rob Reiner"
189,tt0104454,2012-07-20,2012-07-20,,"Howards End","Howards End",https://www.imdb.com/title/tt0104454/,Movie,7.4,142,1992,"Drama, Romance",36497,1993-02-26,"James Ivory"
190,tt0105323,2012-07-20,2012-07-20,,"Scent of a Woman","Scent of a Woman",https://www.imdb.com/title/tt0105323/,Movie,8.0,156,1992,"Drama",337418,1993-01-08,"Martin Brest"
191,tt0102926,2012-07-20,2019-02-25,"*** 1992 Best Picture Winner ***","The Silence of the Lambs","The Silence of the Lambs",https://www.imdb.com/title/tt0102926/,Movie,8.6,118,1991,"Crime, Drama, Thriller",1580432,1991-02-14,"Jonathan Demme"
192,tt0101414,2012-07-20,2012-07-20,,"Beauty and the Beast","Beauty and the Beast",https://www.imdb.com/title/tt0101414/,Movie,8.0,84,1991,"Animation, Family, Fantasy, Musical, Romance",484974,1991-11-22,"Gary Trousdale, Kirk Wise"
193,tt0101516,2012-07-20,2012-07-20,,"Bugsy","Bugsy",https://www.imdb.com/title/tt0101516/,Movie,6.8,136,1991,"Biography, Crime, Drama",31375,1991-12-20,"Barry Levinson"
194,tt0102138,2012-07-20,2012-07-20,,"JFK","JFK",https://www.imdb.com/title/tt0102138/,Movie,8.0,189,1991,"Drama, History, Thriller",172693,1991-12-20,"Oliver Stone"
195,tt0102713,2012-07-20,2012-07-20,,"The Prince of Tides","The Prince of Tides",https://www.imdb.com/title/tt0102713/,Movie,6.8,132,1991,"Drama, Romance",20177,1991-12-25,"Barbra Streisand"
196,tt0099348,2012-07-20,2019-02-25,"*** 1991 Best Picture Winner ***","Dances with Wolves","Dances with Wolves",https://www.imdb.com/title/tt0099348/,Movie,8.0,181,1990,"Adventure, Drama, Western",295783,1990-11-21,"Kevin Costner"
197,tt0099077,2012-07-20,2012-07-20,,"Awakenings","Awakenings",https://www.imdb.com/title/tt0099077/,Movie,7.8,121,1990,"Biography, Drama",161871,1991-01-11,"Penny Marshall"
198,tt0099653,2012-07-20,2012-07-20,,"Ghost","Ghost",https://www.imdb.com/title/tt0099653/,Movie,7.1,127,1990,"Drama, Fantasy, Romance, Thriller",240573,1990-07-13,"Jerry Zucker"
199,tt0099674,2012-07-20,2012-07-20,,"The Godfather Part III","The Godfather Part III",https://www.imdb.com/title/tt0099674/,Movie,7.6,162,1990,"Crime, Drama",430131,1990-12-25,"Francis Ford Coppola"
200,tt0099685,2012-07-20,2012-07-20,,"Goodfellas","Goodfellas",https://www.imdb.com/title/tt0099685/,Movie,8.7,145,1990,"Biography, Crime, Drama",1282446,1990-09-21,"Martin Scorsese"
201,tt0097239,2012-07-20,2019-02-25,"*** 1990 Best Picture Winner ***","Driving Miss Daisy","Driving Miss Daisy",https://www.imdb.com/title/tt0097239/,Movie,7.3,99,1989,"Comedy, Drama",118920,1990-01-26,"Bruce Beresford"
202,tt0096969,2012-07-20,2012-07-20,,"Born on the Fourth of July","Born on the Fourth of July",https://www.imdb.com/title/tt0096969/,Movie,7.2,145,1989,"Biography, Drama, War",118091,1990-01-05,"Oliver Stone"
203,tt0097165,2012-07-20,2012-07-20,,"Dead Poets Society","Dead Poets Society",https://www.imdb.com/title/tt0097165/,Movie,8.1,128,1989,"Comedy, Drama",562593,1989-06-09,"Peter Weir"
204,tt0097351,2012-07-20,2012-07-20,,"Field of Dreams","Field of Dreams",https://www.imdb.com/title/tt0097351/,Movie,7.5,107,1989,"Drama, Family, Fantasy, Sport",131267,1989-05-05,"Phil Alden Robinson"
205,tt0097937,2012-07-20,2012-07-20,,"My Left Foot","My Left Foot: The Story of Christy Brown",https://www.imdb.com/title/tt0097937/,Movie,7.8,103,1989,"Biography, Drama",80910,1990-03-30,"Jim Sheridan"
206,tt0095953,2012-07-20,2019-02-25,"*** 1989 Best Picture Winner ***","Rain Man","Rain Man",https://www.imdb.com/title/tt0095953/,Movie,8.0,133,1988,"Drama",553885,1988-12-16,"Barry Levinson"
207,tt0094606,2012-07-20,2012-07-20,,"The Accidental Tourist","The Accidental Tourist",https://www.imdb.com/title/tt0094606/,Movie,6.7,121,1988,"Comedy, Drama, Romance",17497,1989-01-06,"Lawrence Kasdan"
208,tt0094947,2012-07-20,2012-07-20,,"Dangerous Liaisons","Dangerous Liaisons",https://www.imdb.com/title/tt0094947/,Movie,7.5,119,1988,"Drama, Romance",76118,1989-02-24,"Stephen Frears"
209,tt0095647,2012-07-20,2012-07-20,,"Mississippi Burning","Mississippi Burning",https://www.imdb.com/title/tt0095647/,Movie,7.8,128,1988,"Crime, Drama, Mystery, Thriller",113454,1989-01-27,"Alan Parker"
210,tt0096463,2012-07-20,2012-07-20,,"Working Girl","Working Girl",https://www.imdb.com/title/tt0096463/,Movie,6.8,113,1988,"Comedy, Drama, Romance",63810,1988-12-21,"Mike Nichols"
211,tt0093389,2012-07-20,2019-02-25,"*** 1988 Best Picture Winner ***","The Last Emperor","The Last Emperor",https://www.imdb.com/title/tt0093389/,Movie,7.7,163,1987,"Biography, Drama, History",113179,1988-04-15,"Bernardo Bertolucci"
212,tt0092699,2012-07-20,2012-07-20,,"Broadcast News","Broadcast News",https://www.imdb.com/title/tt0092699/,Movie,7.3,133,1987,"Comedy, Drama, Romance",34731,1987-12-25,"James L. Brooks"
213,tt0093010,2012-07-20,2012-07-20,,"Fatal Attraction","Fatal Attraction",https://www.imdb.com/title/tt0093010/,Movie,6.9,119,1987,"Drama, Thriller",101691,1987-09-18,"Adrian Lyne"
214,tt0093209,2012-07-20,2012-07-20,,"Hope and Glory","Hope and Glory",https://www.imdb.com/title/tt0093209/,Movie,7.3,113,1987,"Comedy, Drama, Romance",14975,1988-02-19,"John Boorman"
215,tt0093565,2012-07-20,2012-07-20,,"Moonstruck","Moonstruck",https://www.imdb.com/title/tt0093565/,Movie,7.2,102,1987,"Comedy, Drama, Romance",70432,1988-01-15,"Norman Jewison"
216,tt0091763,2012-07-20,2019-02-25,"*** 1987 Best Picture Winner ***","Platoon","Platoon",https://www.imdb.com/title/tt0091763/,Movie,8.1,120,1986,"Drama, War",445935,1987-02-06,"Oliver Stone"
217,tt0090830,2012-07-20,2012-07-20,,"Children of a Lesser God","Children of a Lesser God",https://www.imdb.com/title/tt0090830/,Movie,7.2,119,1986,"Drama, Romance",18980,1986-10-31,"Randa Haines"
218,tt0091167,2012-07-20,2012-07-20,,"Hannah and Her Sisters","Hannah and Her Sisters",https://www.imdb.com/title/tt0091167/,Movie,7.8,107,1986,"Comedy, Drama",77664,1986-03-14,"Woody Allen"
219,tt0091530,2012-07-20,2012-07-20,,"The Mission","The Mission",https://www.imdb.com/title/tt0091530/,Movie,7.4,125,1986,"Adventure, Drama, History",66834,1986-10-31,"Roland Joffé"
220,tt0091867,2012-07-20,2012-07-20,,"A Room with a View","A Room with a View",https://www.imdb.com/title/tt0091867/,Movie,7.2,117,1985,"Drama, Romance",48809,1986-04-11,"James Ivory"
221,tt0089755,2012-07-20,2019-02-25,"*** 1986 Best Picture Winner ***","Out of Africa","Out of Africa",https://www.imdb.com/title/tt0089755/,Movie,7.1,161,1985,"Biography, Drama, Romance",87664,1985-12-20,"Sydney Pollack"
222,tt0088939,2012-07-20,2012-07-20,,"The Color Purple","The Color Purple",https://www.imdb.com/title/tt0088939/,Movie,7.7,154,1985,"Drama",98824,1986-02-07,"Steven Spielberg"
223,tt0089424,2012-07-20,2012-07-20,,"Kiss of the Spider Woman","Kiss of the Spider Woman",https://www.imdb.com/title/tt0089424/,Movie,7.3,120,1985,"Drama",17648,1985-07-26,"Hector Babenco"
224,tt0089841,2012-07-20,2012-07-20,,"Prizzi's Honor","Prizzi's Honor",https://www.imdb.com/title/tt0089841/,Movie,6.7,130,1985,"Comedy, Crime, Drama, Romance",26802,1985-06-14,"John Huston"
225,tt0090329,2012-07-20,2012-07-20,,"Witness","Witness",https://www.imdb.com/title/tt0090329/,Movie,7.4,112,1985,"Drama, Romance, Thriller",106709,1985-02-08,"Peter Weir"
226,tt0086879,2012-07-20,2012-07-20,"&#9733 1985 Best Picture Winner &#9733","Amadeus","Amadeus",https://www.imdb.com/title/tt0086879/,Movie,8.4,160,1984,"Biography, Drama, Music",435089,1984-09-19,"Milos Forman"
227,tt0087553,2012-07-20,2012-07-20,,"The Killing Fields","The Killing Fields",https://www.imdb.com/title/tt0087553/,Movie,7.8,141,1984,"Biography, Drama, History, War",60347,1985-02-01,"Roland Joffé"
228,tt0087892,2012-07-20,2012-07-20,,"A Passage to India","A Passage to India",https://www.imdb.com/title/tt0087892/,Movie,7.3,164,1984,"Adventure, Drama, History",21432,1985-02-01,"David Lean"
229,tt0087921,2012-07-20,2012-07-20,,"Places in the Heart","Places in the Heart",https://www.imdb.com/title/tt0087921/,Movie,7.4,111,1984,"Drama",14076,1984-10-05,"Robert Benton"
230,tt0088146,2012-07-20,2012-07-20,,"A Soldier's Story","A Soldier's Story",https://www.imdb.com/title/tt0088146/,Movie,7.2,101,1984,"Crime, Drama, Mystery, War",11624,1984-11-02,"Norman Jewison"
231,tt0086425,2012-07-20,2012-07-20,"&#9733 1984 Best Picture Winner &#9733","Terms of Endearment","Terms of Endearment",https://www.imdb.com/title/tt0086425/,Movie,7.4,132,1983,"Comedy, Drama",66691,1983-12-09,"James L. Brooks"
232,tt0085244,2012-07-20,2012-07-20,,"The Big Chill","The Big Chill",https://www.imdb.com/title/tt0085244/,Movie,7.1,105,1983,"Comedy, Drama",42823,1983-09-30,"Lawrence Kasdan"
233,tt0085461,2012-07-20,2012-07-20,,"The Dresser","The Dresser",https://www.imdb.com/title/tt0085461/,Movie,7.5,118,1983,"Drama",5798,1983-12-06,"Peter Yates"
234,tt0086197,2012-07-20,2012-07-20,,"The Right Stuff","The Right Stuff",https://www.imdb.com/title/tt0086197/,Movie,7.8,193,1983,"Adventure, Biography, Drama, History",66221,1984-02-17,"Philip Kaufman"
235,tt0086423,2012-07-20,2012-07-20,,"Tender Mercies","Tender Mercies",https://www.imdb.com/title/tt0086423/,Movie,7.3,92,1983,"Drama, Music",12272,1983-03-04,"Bruce Beresford"
236,tt0083987,2012-07-20,2012-07-20,"&#9733 1983 Best Picture Winner &#9733","Gandhi","Gandhi",https://www.imdb.com/title/tt0083987/,Movie,8.0,191,1982,"Biography, Drama, History",241633,1983-02-25,"Richard Attenborough"
237,tt0083866,2012-07-20,2012-07-20,,"E.T. the Extra-Terrestrial","E.T. the Extra-Terrestrial",https://www.imdb.com/title/tt0083866/,Movie,7.9,115,1982,"Adventure, Family, Sci-Fi",444167,1982-06-11,"Steven Spielberg"
238,tt0084335,2012-07-20,2012-07-20,,"Missing","Missing",https://www.imdb.com/title/tt0084335/,Movie,7.7,122,1982,"Biography, Drama, History, Mystery, Thriller",23925,1982-03-12,"Costa-Gavras"
239,tt0084805,2012-07-20,2012-07-20,,"Tootsie","Tootsie",https://www.imdb.com/title/tt0084805/,Movie,7.4,116,1982,"Comedy, Drama, Romance",116304,1982-12-17,"Sydney Pollack"
240,tt0084855,2012-07-20,2012-07-20,,"The Verdict","The Verdict",https://www.imdb.com/title/tt0084855/,Movie,7.7,129,1982,"Drama",46899,1982-12-17,"Sidney Lumet"
241,tt0082158,2012-07-20,2012-07-20,"&#9733 1982 Best Picture Winner &#9733","Chariots of Fire","Chariots of Fire",https://www.imdb.com/title/tt0082158/,Movie,7.1,125,1981,"Biography, Drama, Sport",67371,1982-04-09,"Hugh Hudson"
242,tt0080388,2012-07-20,2012-07-20,,"Atlantic City","Atlantic City",https://www.imdb.com/title/tt0080388/,Movie,7.3,104,1980,"Crime, Drama, Romance",18548,1981-04-03,"Louis Malle"
243,tt0082846,2012-07-20,2012-07-20,,"On Golden Pond","On Golden Pond",https://www.imdb.com/title/tt0082846/,Movie,7.6,109,1981,"Drama",35527,1982-02-12,"Mark Rydell"
244,tt0082971,2012-07-20,2012-07-20,,"Raiders of the Lost Ark","Raiders of the Lost Ark",https://www.imdb.com/title/tt0082971/,Movie,8.4,115,1981,"Action, Adventure",1050390,1981-06-12,"Steven Spielberg"
245,tt0082979,2012-07-20,2012-07-20,,"Reds","Reds",https://www.imdb.com/title/tt0082979/,Movie,7.3,195,1981,"Biography, Drama, History, Romance",25094,1981-12-25,"Warren Beatty"
246,tt0081283,2012-07-20,2012-07-20,"&#9733 1981 Best Picture Winner &#9733","Ordinary People","Ordinary People",https://www.imdb.com/title/tt0081283/,Movie,7.7,124,1980,"Drama",57998,1980-09-19,"Robert Redford"
247,tt0080549,2012-07-20,2012-07-20,,"Coal Miner's Daughter","Coal Miner's Daughter",https://www.imdb.com/title/tt0080549/,Movie,7.5,124,1980,"Biography, Drama, Music",20871,1980-03-07,"Michael Apted"
248,tt0080678,2012-07-20,2012-07-20,,"The Elephant Man","The Elephant Man",https://www.imdb.com/title/tt0080678/,Movie,8.2,124,1980,"Biography, Drama",262506,1980-10-10,"David Lynch"
249,tt0081398,2012-07-20,2012-07-20,,"Raging Bull","Raging Bull",https://www.imdb.com/title/tt0081398/,Movie,8.1,129,1980,"Biography, Drama, Sport",385833,1980-12-19,"Martin Scorsese"
250,tt0080009,2012-07-20,2012-07-20,,"Tess","Tess",https://www.imdb.com/title/tt0080009/,Movie,7.3,186,1979,"Drama, Romance",18578,1980-12-12,"Roman Polanski"
251,tt0079417,2012-07-20,2012-07-20,"&#9733 1980 Best Picture Winner &#9733","Kramer vs. Kramer","Kramer vs. Kramer",https://www.imdb.com/title/tt0079417/,Movie,7.8,105,1979,"Drama",157329,1979-12-19,"Robert Benton"
252,tt0078754,2012-07-20,2012-07-20,,"All That Jazz","All That Jazz",https://www.imdb.com/title/tt0078754/,Movie,7.8,123,1979,"Drama, Music, Musical",36403,1979-12-20,"Bob Fosse"
253,tt0078788,2012-07-20,2012-07-20,,"Apocalypse Now","Apocalypse Now",https://www.imdb.com/title/tt0078788/,Movie,8.4,147,1979,"Drama, Mystery, War",721720,1979-08-15,"Francis Ford Coppola"
254,tt0078902,2012-07-20,2012-07-20,,"Breaking Away","Breaking Away",https://www.imdb.com/title/tt0078902/,Movie,7.7,101,1979,"Comedy, Drama, Sport",26052,1979-07-20,"Peter Yates"
255,tt0079638,2012-07-20,2012-07-20,,"Norma Rae","Norma Rae",https://www.imdb.com/title/tt0079638/,Movie,7.3,114,1979,"Drama",13058,1979-03-02,"Martin Ritt"
256,tt0077416,2012-07-20,2012-07-20,"&#9733 1979 Best Picture Winner &#9733","The Deer Hunter","The Deer Hunter",https://www.imdb.com/title/tt0077416/,Movie,8.1,183,1978,"Drama, War",367403,1979-02-23,"Michael Cimino"
257,tt0077362,2012-07-20,2012-07-20,,"Coming Home","Coming Home",https://www.imdb.com/title/tt0077362/,Movie,7.3,127,1978,"Drama, Romance, War",15114,1978-02-15,"Hal Ashby"
258,tt0077663,2012-07-20,2012-07-20,,"Heaven Can Wait","Heaven Can Wait",https://www.imdb.com/title/tt0077663/,Movie,6.9,101,1978,"Comedy, Fantasy, Romance, Sport",24000,1978-06-28,"Warren Beatty, Buck Henry"
259,tt0077928,2012-07-20,2012-07-20,,"Midnight Express","Midnight Express",https://www.imdb.com/title/tt0077928/,Movie,7.5,121,1978,"Biography, Crime, Drama, Thriller",89428,1978-10-27,"Alan Parker"
260,tt0078444,2012-07-20,2012-07-20,,"An Unmarried Woman","An Unmarried Woman",https://www.imdb.com/title/tt0078444/,Movie,7.2,124,1978,"Comedy, Drama, Romance",6242,1978-03-17,"Paul Mazursky"
261,tt0075686,2012-07-20,2012-07-20,"&#9733 1978 Best Picture Winner &#9733","Annie Hall","Annie Hall",https://www.imdb.com/title/tt0075686/,Movie,8.0,93,1977,"Comedy, Romance",280810,1977-04-20,"Woody Allen"
262,tt0076095,2012-07-20,2012-07-20,,"The Goodbye Girl","The Goodbye Girl",https://www.imdb.com/title/tt0076095/,Movie,7.4,111,1977,"Comedy, Drama, Romance",16467,1977-11-30,"Herbert Ross"
263,tt0076245,2012-07-20,2012-07-20,,"Julia","Julia",https://www.imdb.com/title/tt0076245/,Movie,7.1,117,1977,"Drama",10604,1978-01-08,"Fred Zinnemann"
264,tt0076759,2012-07-20,2012-07-20,,"Star Wars: Episode IV - A New Hope","Star Wars",https://www.imdb.com/title/tt0076759/,Movie,8.6,121,1977,"Action, Adventure, Fantasy, Sci-Fi",1472731,1977-05-25,"George Lucas"
265,tt0076843,2012-07-20,2012-07-20,,"The Turning Point","The Turning Point",https://www.imdb.com/title/tt0076843/,Movie,6.8,119,1977,"Drama, Music, Romance",5262,1977-11-18,"Herbert Ross"
266,tt0075148,2012-07-20,2012-07-20,"&#9733 1977 Best Picture Winner &#9733","Rocky","Rocky",https://www.imdb.com/title/tt0075148/,Movie,8.1,120,1976,"Drama, Sport",640584,1976-12-03,"John G. Avildsen"
267,tt0074119,2012-07-20,2012-07-20,,"All the President's Men","All the President's Men",https://www.imdb.com/title/tt0074119/,Movie,7.9,138,1976,"Drama, History, Thriller",128163,1976-04-09,"Alan J. Pakula"
268,tt0074235,2012-07-20,2012-07-20,,"Bound for Glory","Bound for Glory",https://www.imdb.com/title/tt0074235/,Movie,7.2,147,1976,"Biography, Drama, Music",5678,1976-12-05,"Hal Ashby"
269,tt0074958,2012-07-20,2012-07-20,,"Network","Network",https://www.imdb.com/title/tt0074958/,Movie,8.1,121,1976,"Drama",173735,1976-11-27,"Sidney Lumet"
270,tt0075314,2012-07-20,2012-07-20,,"Taxi Driver","Taxi Driver",https://www.imdb.com/title/tt0075314/,Movie,8.2,114,1976,"Crime, Drama",942029,1976-02-09,"Martin Scorsese"
271,tt0073486,2012-07-20,2012-07-20,"&#9733 1976 Best Picture Winner &#9733","One Flew Over the Cuckoo's Nest","One Flew Over the Cuckoo's Nest",https://www.imdb.com/title/tt0073486/,Movie,8.7,133,1975,"Drama",1088118,1975-11-19,"Milos Forman"
272,tt0072684,2012-07-20,2012-07-20,,"Barry Lyndon","Barry Lyndon",https://www.imdb.com/title/tt0072684/,Movie,8.1,185,1975,"Adventure, Drama, War",186760,1975-12-18,"Stanley Kubrick"
273,tt0072890,2012-07-20,2012-07-20,,"Dog Day Afternoon","Dog Day Afternoon",https://www.imdb.com/title/tt0072890/,Movie,8.0,125,1975,"Biography, Crime, Drama, Thriller",276957,1975-12-25,"Sidney Lumet"
274,tt0073195,2012-07-20,2012-07-20,,"Jaws","Jaws",https://www.imdb.com/title/tt0073195/,Movie,8.1,124,1975,"Adventure, Drama, Thriller",675383,1975-06-20,"Steven Spielberg"
275,tt0073440,2012-07-20,2012-07-20,,"Nashville","Nashville",https://www.imdb.com/title/tt0073440/,Movie,7.6,160,1975,"Comedy, Drama, Music",29152,1975-07,"Robert Altman"
276,tt0071562,2012-07-20,2012-07-20,"&#9733 1975 Best Picture Winner &#9733","The Godfather Part II","The Godfather Part II",https://www.imdb.com/title/tt0071562/,Movie,9.0,202,1974,"Crime, Drama",1388342,1974-12-18,"Francis Ford Coppola"
277,tt0071315,2012-07-20,2012-07-20,,"Chinatown","Chinatown",https://www.imdb.com/title/tt0071315/,Movie,8.1,130,1974,"Drama, Mystery, Thriller",356126,1974-06-20,"Roman Polanski"
278,tt0071360,2012-07-20,2012-07-20,,"The Conversation","The Conversation",https://www.imdb.com/title/tt0071360/,Movie,7.7,113,1974,"Drama, Mystery, Thriller",124642,1974-04-12,"Francis Ford Coppola"
279,tt0071746,2012-07-20,2012-07-20,,"Lenny","Lenny",https://www.imdb.com/title/tt0071746/,Movie,7.5,111,1974,"Biography, Drama",17932,1975-02-07,"Bob Fosse"
280,tt0072308,2012-07-20,2012-07-20,,"The Towering Inferno","The Towering Inferno",https://www.imdb.com/title/tt0072308/,Movie,7.0,165,1974,"Action, Drama, Thriller",49147,1974-12-14,"John Guillermin"
281,tt0070735,2012-07-20,2012-07-20,"&#9733 1974 Best Picture Winner &#9733","The Sting","The Sting",https://www.imdb.com/title/tt0070735/,Movie,8.3,129,1973,"Comedy, Crime, Drama",283592,1973-12-25,"George Roy Hill"
282,tt0069704,2012-07-20,2012-07-20,,"American Graffiti","American Graffiti",https://www.imdb.com/title/tt0069704/,Movie,7.4,110,1973,"Comedy, Drama",100278,1973-08-11,"George Lucas"
283,tt0069467,2012-07-20,2012-07-20,,"Cries & Whispers","Viskningar och rop",https://www.imdb.com/title/tt0069467/,Movie,7.9,92,1972,"Drama",37599,1973-03-05,"Ingmar Bergman"
284,tt0070047,2012-07-20,2012-07-20,,"The Exorcist","The Exorcist",https://www.imdb.com/title/tt0070047/,Movie,8.1,122,1973,"Horror",464186,1973-12-26,"William Friedkin"
285,tt0070819,2012-07-20,2012-07-20,,"A Touch of Class","A Touch of Class",https://www.imdb.com/title/tt0070819/,Movie,6.5,106,1973,"Comedy, Romance",3609,1973-05-25,"Melvin Frank"
286,tt0068646,2012-07-20,2012-07-20,"&#9733 1973 Best Picture Winner &#9733","The Godfather","The Godfather",https://www.imdb.com/title/tt0068646/,Movie,9.2,175,1972,"Crime, Drama",2054329,1972-03-24,"Francis Ford Coppola"
287,tt0068327,2012-07-20,2012-07-20,,"Cabaret","Cabaret",https://www.imdb.com/title/tt0068327/,Movie,7.8,124,1972,"Drama, Music, Musical, Romance",60517,1972-02-13,"Bob Fosse"
288,tt0068473,2012-07-20,2012-07-20,,"Deliverance","Deliverance",https://www.imdb.com/title/tt0068473/,Movie,7.7,109,1972,"Adventure, Drama, Thriller",121432,1972-08-18,"John Boorman"
289,tt0067919,2012-07-20,2012-07-20,,"The Emigrants","Utvandrarna",https://www.imdb.com/title/tt0067919/,Movie,8.0,151,1971,"Drama, History",7613,1971-03-08,"Jan Troell"
290,tt0069303,2012-07-20,2012-07-20,,"Sounder","Sounder",https://www.imdb.com/title/tt0069303/,Movie,7.5,105,1972,"Drama, Family",4920,1973-04-26,"Martin Ritt"
291,tt0067116,2012-07-20,2012-07-20,"&#9733 1972 Best Picture Winner &#9733","The French Connection","The French Connection",https://www.imdb.com/title/tt0067116/,Movie,7.7,104,1971,"Action, Crime, Drama, Thriller",138435,1971-10-09,"William Friedkin"
292,tt0066921,2012-07-20,2012-07-20,,"A Clockwork Orange","A Clockwork Orange",https://www.imdb.com/title/tt0066921/,Movie,8.2,136,1971,"Crime, Sci-Fi",893141,1972-02-02,"Stanley Kubrick"
293,tt0067093,2012-07-20,2012-07-20,,"Fiddler on the Roof","Fiddler on the Roof",https://www.imdb.com/title/tt0067093/,Movie,8.0,181,1971,"Drama, Family, Musical, Romance",48561,1971-11-03,"Norman Jewison"
294,tt0067328,2012-07-20,2012-07-20,,"The Last Picture Show","The Last Picture Show",https://www.imdb.com/title/tt0067328/,Movie,8.0,118,1971,"Drama, Romance",53262,1971-10-22,"Peter Bogdanovich"
295,tt0067483,2012-07-20,2012-07-20,,"Nicholas and Alexandra","Nicholas and Alexandra",https://www.imdb.com/title/tt0067483/,Movie,7.2,183,1971,"Biography, Drama, History, War",5727,1971-12-13,"Franklin J. Schaffner"
296,tt0066206,2012-07-20,2012-07-20,"&#9733 1971 Best Picture Winner &#9733","Patton","Patton",https://www.imdb.com/title/tt0066206/,Movie,7.9,172,1970,"Biography, Drama, War",109278,1970-04-02,"Franklin J. Schaffner"
297,tt0065377,2012-07-20,2012-07-20,,"Airport","Airport",https://www.imdb.com/title/tt0065377/,Movie,6.6,137,1970,"Action, Drama, Thriller",22542,1970-03-05,"George Seaton, Henry Hathaway"
298,tt0065724,2012-07-20,2012-07-20,,"Five Easy Pieces","Five Easy Pieces",https://www.imdb.com/title/tt0065724/,Movie,7.4,98,1970,"Drama",41632,1970-09-12,"Bob Rafelson"
299,tt0066011,2012-07-20,2012-07-20,,"Love Story","Love Story",https://www.imdb.com/title/tt0066011/,Movie,6.9,100,1970,"Drama, Romance",37956,1970-12-16,"Arthur Hiller"
300,tt0066026,2012-07-20,2012-07-20,,"M*A*S*H","MASH",https://www.imdb.com/title/tt0066026/,Movie,7.4,116,1970,"Comedy, Drama, War",78801,1970-03-18,"Robert Altman"
301,tt0064665,2012-07-20,2012-07-20,"&#9733 1970 Best Picture Winner &#9733","Midnight Cowboy","Midnight Cowboy",https://www.imdb.com/title/tt0064665/,Movie,7.8,113,1969,"Drama",122991,1969-05-25,"John Schlesinger"
302,tt0064030,2012-07-20,2012-07-20,,"Anne of the Thousand Days","Anne of the Thousand Days",https://www.imdb.com/title/tt0064030/,Movie,7.4,145,1969,"Biography, Drama, History",8268,1969-12-18,"Charles Jarrott"
303,tt0064115,2012-07-20,2012-07-20,,"Butch Cassidy and the Sundance Kid","Butch Cassidy and the Sundance Kid",https://www.imdb.com/title/tt0064115/,Movie,8.0,110,1969,"Biography, Crime, Drama, Western",228928,1969-09-24,"George Roy Hill"
304,tt0064418,2012-07-20,2012-07-20,,"Hello, Dolly!","Hello, Dolly!",https://www.imdb.com/title/tt0064418/,Movie,7.0,146,1969,"Adventure, Comedy, Musical, Romance",17265,1969-12-16,"Gene Kelly"
305,tt0065234,2012-07-20,2012-07-20,,"Z","Z",https://www.imdb.com/title/tt0065234/,Movie,8.1,127,1969,"Crime, Drama, Thriller",31874,1969-12-08,"Costa-Gavras"
306,tt0063385,2012-07-20,2012-07-20,"&#9733 1969 Best Picture Winner &#9733","Oliver!","Oliver!",https://www.imdb.com/title/tt0063385/,Movie,7.4,153,1968,"Drama, Family, Musical",41955,1968-09-27,"Carol Reed"
307,tt0062994,2012-07-20,2012-07-20,,"Funny Girl","Funny Girl",https://www.imdb.com/title/tt0062994/,Movie,7.4,151,1968,"Biography, Comedy, Drama, Musical, Romance",25617,1968-09-19,"William Wyler"
308,tt0063227,2012-07-20,2012-07-20,,"The Lion in Winter","The Lion in Winter",https://www.imdb.com/title/tt0063227/,Movie,7.9,134,1968,"Biography, Drama, History",34691,1968-10-30,"Anthony Harvey"
309,tt0063483,2012-07-20,2012-07-20,,"Rachel, Rachel","Rachel, Rachel",https://www.imdb.com/title/tt0063483/,Movie,7.1,101,1968,"Drama, Romance",4121,1968-08-26,"Paul Newman"
310,tt0063518,2012-07-20,2012-07-20,,"Romeo and Juliet","Romeo and Juliet",https://www.imdb.com/title/tt0063518/,Movie,7.6,138,1968,"Drama, Romance",35230,1968-10-08,"Franco Zeffirelli"
311,tt0061811,2012-07-20,2012-07-24,"&#9733 1968 Best Picture Winner &#9733","In the Heat of the Night","In the Heat of the Night",https://www.imdb.com/title/tt0061811/,Movie,7.9,110,1967,"Drama, Mystery, Thriller",84765,1967-08-02,"Norman Jewison"
312,tt0061418,2012-07-20,2012-07-20,,"Bonnie and Clyde","Bonnie and Clyde",https://www.imdb.com/title/tt0061418/,Movie,7.7,111,1967,"Action, Biography, Crime, Drama",122279,1967-08-14,"Arthur Penn"
313,tt0061584,2012-07-20,2012-07-20,,"Doctor Dolittle","Doctor Dolittle",https://www.imdb.com/title/tt0061584/,Movie,6.2,152,1967,"Adventure, Comedy, Family, Fantasy, Musical, Romance",10442,1967-12-19,"Richard Fleischer"
314,tt0061722,2012-07-20,2012-07-20,,"The Graduate","The Graduate",https://www.imdb.com/title/tt0061722/,Movie,8.0,106,1967,"Comedy, Drama, Romance",291969,1967-12-21,"Mike Nichols"
315,tt0061735,2012-07-20,2012-07-20,,"Guess Who's Coming to Dinner","Guess Who's Coming to Dinner",https://www.imdb.com/title/tt0061735/,Movie,7.8,108,1967,"Comedy, Drama",49790,1967-12-12,"Stanley Kramer"
316,tt0060665,2012-07-20,2012-07-20,"&#9733 1967 Best Picture Winner &#9733","A Man for All Seasons","A Man for All Seasons",https://www.imdb.com/title/tt0060665/,Movie,7.7,120,1966,"Biography, Drama, History",37812,1966-12-16,"Fred Zinnemann"
317,tt0060086,2012-07-20,2012-07-20,,"Alfie","Alfie",https://www.imdb.com/title/tt0060086/,Movie,7.0,114,1966,"Comedy, Drama",16048,1966-08-24,"Lewis Gilbert"
318,tt0060921,2012-07-20,2012-07-20,,"The Russians Are Coming the Russians Are Coming","The Russians Are Coming the Russians Are Coming",https://www.imdb.com/title/tt0060921/,Movie,7.0,126,1966,"Comedy, War",10415,1966-05-25,"Norman Jewison"
319,tt0060934,2012-07-20,2012-07-20,,"The Sand Pebbles","The Sand Pebbles",https://www.imdb.com/title/tt0060934/,Movie,7.5,182,1966,"Adventure, Drama, Romance, War",16827,1966-12-20,"Robert Wise"
320,tt0061184,2012-07-20,2012-07-20,,"Who's Afraid of Virginia Woolf?","Who's Afraid of Virginia Woolf?",https://www.imdb.com/title/tt0061184/,Movie,8.0,131,1966,"Drama",81110,1966-06-22,"Mike Nichols"
321,tt0059742,2012-07-20,2012-07-20,"&#9733 1966 Best Picture Winner &#9733","The Sound of Music","The Sound of Music",https://www.imdb.com/title/tt0059742/,Movie,8.1,172,1965,"Biography, Drama, Family, Musical, Romance",266292,1965-04-01,"Robert Wise"
322,tt0059084,2012-07-20,2012-07-20,,"Darling","Darling",https://www.imdb.com/title/tt0059084/,Movie,7.0,128,1965,"Drama, Romance",8035,1965-08-03,"John Schlesinger"
323,tt0059113,2012-07-20,2012-07-20,,"Doctor Zhivago","Doctor Zhivago",https://www.imdb.com/title/tt0059113/,Movie,7.9,197,1965,"Drama, Romance, War",83093,1965-12-31,"David Lean"
324,tt0059712,2012-07-20,2012-07-20,,"Ship of Fools","Ship of Fools",https://www.imdb.com/title/tt0059712/,Movie,7.1,149,1965,"Drama, Romance, War",7089,1965-10-01,"Stanley Kramer"
325,tt0059798,2012-07-20,2012-07-20,,"A Thousand Clowns","A Thousand Clowns",https://www.imdb.com/title/tt0059798/,Movie,7.3,118,1965,"Comedy, Drama, Romance",3745,1966-09-09,"Fred Coe"
326,tt0058385,2012-07-20,2012-07-20,"&#9733 1965 Best Picture Winner &#9733","My Fair Lady","My Fair Lady",https://www.imdb.com/title/tt0058385/,Movie,7.7,170,1964,"Drama, Family, Musical, Romance",103027,1964-12-25,"George Cukor"
327,tt0057877,2012-07-20,2012-07-20,,"Becket","Becket",https://www.imdb.com/title/tt0057877/,Movie,7.8,148,1964,"Biography, Drama, History",16124,1964-03-11,"Peter Glenville"
328,tt0057012,2012-07-20,2012-07-20,,"Dr. Strangelove or: How I Learned to Stop Worrying and Love the Bomb","Dr. Strangelove or: How I Learned to Stop Worrying and Love the Bomb",https://www.imdb.com/title/tt0057012/,Movie,8.3,95,1964,"Comedy, War",525511,1964-01-29,"Stanley Kubrick"
329,tt0058331,2012-07-20,2012-07-20,,"Mary Poppins","Mary Poppins",https://www.imdb.com/title/tt0058331/,Movie,7.8,139,1964,"Comedy, Family, Fantasy, Musical",188659,1965-06-18,"Robert Stevenson"
330,tt0057831,2012-07-20,2012-07-20,,"Zorba the Greek","Alexis Zorbas",https://www.imdb.com/title/tt0057831/,Movie,7.6,142,1964,"Comedy, Drama",24436,1964-12-14,"Michael Cacoyannis"
331,tt0057590,2012-07-20,2012-07-20,"&#9733 1964 Best Picture Winner &#9733","Tom Jones","Tom Jones",https://www.imdb.com/title/tt0057590/,Movie,6.4,129,1963,"Adventure, Comedy, History, Romance",14479,1963-06-27,"Tony Richardson"
332,tt0056825,2012-07-20,2012-07-20,,"America America","America America",https://www.imdb.com/title/tt0056825/,Movie,7.7,174,1963,"Adventure, Drama",6078,1964-06-17,"Elia Kazan"
333,tt0056937,2012-07-20,2012-07-20,,"Cleopatra","Cleopatra",https://www.imdb.com/title/tt0056937/,Movie,7.0,192,1963,"Biography, Drama, History, Romance",38190,1963-07-31,"Joseph L. Mankiewicz, Rouben Mamoulian"
334,tt0056085,2012-07-20,2012-07-20,,"How the West Was Won","How the West Was Won",https://www.imdb.com/title/tt0056085/,Movie,7.1,164,1962,"Adventure, War, Western",23818,1963-02-20,"John Ford, Henry Hathaway, George Marshall, Richard Thorpe"
335,tt0057251,2012-07-20,2012-07-20,,"Lilies of the Field","Lilies of the Field",https://www.imdb.com/title/tt0057251/,Movie,7.5,94,1963,"Drama",13934,1963-07-05,"Ralph Nelson"
336,tt0056172,2012-07-20,2012-07-20,"&#9733 1963 Best Picture Winner &#9733","Lawrence of Arabia","Lawrence of Arabia",https://www.imdb.com/title/tt0056172/,Movie,8.3,227,1962,"Adventure, Biography, Drama, War",320293,2013-04-02,"David Lean"
337,tt0056197,2012-07-20,2012-07-20,,"The Longest Day","The Longest Day",https://www.imdb.com/title/tt0056197/,Movie,7.7,178,1962,"Action, Drama, History, War",60319,1962-10-04,"Ken Annakin, Andrew Marton, Gerd Oswald, Bernhard Wicki, Darryl F. Zanuck"
338,tt0056262,2012-07-20,2012-07-20,,"The Music Man","The Music Man",https://www.imdb.com/title/tt0056262/,Movie,7.7,151,1962,"Comedy, Family, Musical, Romance",19497,1962-06-19,"Morton DaCosta"
339,tt0056264,2012-07-20,2012-07-20,,"Mutiny on the Bounty","Mutiny on the Bounty",https://www.imdb.com/title/tt0056264/,Movie,7.2,178,1962,"Adventure, Drama, History, Romance",18227,1962-11-08,"Lewis Milestone, Carol Reed, George Seaton"
340,tt0056592,2012-07-20,2012-07-20,,"To Kill a Mockingbird","To Kill a Mockingbird",https://www.imdb.com/title/tt0056592/,Movie,8.3,129,1962,"Crime, Drama",337035,1963-03-16,"Robert Mulligan"
341,tt0055614,2012-07-20,2012-07-20,"&#9733 1962 Best Picture Winner &#9733","West Side Story","West Side Story",https://www.imdb.com/title/tt0055614/,Movie,7.6,153,1961,"Crime, Drama, Musical, Romance",122548,1961-12-23,"Jerome Robbins, Robert Wise"
342,tt0054866,2012-07-20,2012-07-20,,"Fanny","Fanny",https://www.imdb.com/title/tt0054866/,Movie,6.8,134,1961,"Drama, Romance",2726,1961-06-28,"Joshua Logan"
343,tt0054953,2012-07-20,2012-07-20,,"The Guns of Navarone","The Guns of Navarone",https://www.imdb.com/title/tt0054953/,Movie,7.5,158,1961,"Action, Adventure, Drama, War",56427,1961-04-28,"J. Lee Thompson"
344,tt0054997,2012-07-20,2012-07-20,,"The Hustler","The Hustler",https://www.imdb.com/title/tt0054997/,Movie,7.9,134,1961,"Drama, Sport",87659,1961-09-25,"Robert Rossen"
345,tt0055031,2012-07-20,2012-07-20,,"Judgment at Nuremberg","Judgment at Nuremberg",https://www.imdb.com/title/tt0055031/,Movie,8.3,179,1961,"Drama, War",87256,1961-12-18,"Stanley Kramer"
346,tt0053604,2012-07-20,2012-07-20,"&#9733 1961 Best Picture Winner &#9733","The Apartment","The Apartment",https://www.imdb.com/title/tt0053604/,Movie,8.3,125,1960,"Comedy, Drama, Romance",200653,1960-06-29,"Billy Wilder"
347,tt0053580,2012-07-20,2012-07-20,,"The Alamo","The Alamo",https://www.imdb.com/title/tt0053580/,Movie,6.8,162,1960,"Adventure, Drama, History, War, Western",18100,1960-10-27,"John Wayne"
348,tt0053793,2012-07-20,2012-07-20,,"Elmer Gantry","Elmer Gantry",https://www.imdb.com/title/tt0053793/,Movie,7.7,146,1960,"Drama",13205,1960-08-26,"Richard Brooks"
349,tt0054326,2012-07-20,2012-07-20,,"Sons and Lovers","Sons and Lovers",https://www.imdb.com/title/tt0054326/,Movie,7.1,103,1960,"Drama",1811,1960-07-22,"Jack Cardiff"
350,tt0054353,2012-07-20,2012-07-20,,"The Sundowners","The Sundowners",https://www.imdb.com/title/tt0054353/,Movie,7.1,133,1960,"Drama, Western",4942,1960-12-09,"Fred Zinnemann"
351,tt0052618,2012-07-20,2012-07-24,"&#9733 1960 Best Picture Winner &#9733","Ben-Hur","Ben-Hur",https://www.imdb.com/title/tt0052618/,Movie,8.1,212,1959,"Adventure, Drama",256898,1959-11-18,"William Wyler"
352,tt0052561,2012-07-20,2012-07-20,,"Anatomy of a Murder","Anatomy of a Murder",https://www.imdb.com/title/tt0052561/,Movie,8.0,161,1959,"Drama, Mystery",73091,1959-07-13,"Otto Preminger"
353,tt0052738,2012-07-20,2012-07-20,,"The Diary of Anne Frank","The Diary of Anne Frank",https://www.imdb.com/title/tt0052738/,Movie,7.4,180,1959,"Biography, Drama, Family, History, War",13836,1959-04-17,"George Stevens"
354,tt0053131,2012-07-20,2012-07-20,,"The Nun's Story","The Nun's Story",https://www.imdb.com/title/tt0053131/,Movie,7.5,149,1959,"Drama",11923,1959-07-18,"Fred Zinnemann"
355,tt0053226,2012-07-20,2012-07-20,,"Room at the Top","Room at the Top",https://www.imdb.com/title/tt0053226/,Movie,7.5,115,1958,"Drama, Romance",7503,1959-01-22,"Jack Clayton"
356,tt0051658,2012-07-24,2012-07-24,"&#9733 1959 Best Picture Winner &#9733","Gigi","Gigi",https://www.imdb.com/title/tt0051658/,Movie,6.6,115,1958,"Comedy, Musical, Romance",24881,1958-06-25,"Vincente Minnelli, Charles Walters"
357,tt0051383,2012-07-24,2012-07-24,,"Auntie Mame","Auntie Mame",https://www.imdb.com/title/tt0051383/,Movie,7.9,143,1958,"Comedy, Drama, Romance",12914,1958-12-27,"Morton DaCosta"
358,tt0051459,2012-07-24,2012-07-24,,"Cat on a Hot Tin Roof","Cat on a Hot Tin Roof",https://www.imdb.com/title/tt0051459/,Movie,7.9,108,1958,"Drama",54232,1958-08-29,"Richard Brooks"
359,tt0051525,2012-07-24,2012-07-24,,"The Defiant Ones","The Defiant Ones",https://www.imdb.com/title/tt0051525/,Movie,7.6,96,1958,"Crime, Drama",18258,1958-09-27,"Stanley Kramer"
360,tt0052182,2012-07-24,2012-07-24,,"Separate Tables","Separate Tables",https://www.imdb.com/title/tt0052182/,Movie,7.4,100,1958,"Drama, Romance",8781,1959-02-11,"Delbert Mann"
361,tt0050212,2012-07-24,2012-07-24,"&#9733 1958 Best Picture Winner &#9733","The Bridge on the River Kwai","The Bridge on the River Kwai",https://www.imdb.com/title/tt0050212/,Movie,8.1,161,1957,"Adventure, Drama, War",236626,1957-12-14,"David Lean"
362,tt0050839,2012-07-24,2012-07-24,,"Peyton Place","Peyton Place",https://www.imdb.com/title/tt0050839/,Movie,7.2,157,1957,"Crime, Drama, Mystery, Romance",6750,1958-02-19,"Mark Robson"
363,tt0050933,2012-07-24,2012-07-24,,"Sayonara","Sayonara",https://www.imdb.com/title/tt0050933/,Movie,7.0,147,1957,"Drama, Romance",7930,1957-12-20,"Joshua Logan"
364,tt0050083,2012-07-24,2012-07-24,,"12 Angry Men","12 Angry Men",https://www.imdb.com/title/tt0050083/,Movie,9.0,96,1957,"Crime, Drama",886238,1957-04-10,"Sidney Lumet"
365,tt0051201,2012-07-24,2012-07-24,,"Witness for the Prosecution","Witness for the Prosecution",https://www.imdb.com/title/tt0051201/,Movie,8.4,116,1957,"Crime, Drama, Mystery, Thriller",141061,1958-02-06,"Billy Wilder"
366,tt0048960,2012-07-24,2012-07-24,"&#9733 1957 Best Picture Winner &#9733","Around the World in 80 Days","Around the World in Eighty Days",https://www.imdb.com/title/tt0048960/,Movie,6.7,175,1956,"Adventure, Comedy, Family, Romance",30208,1956-10-17,"Michael Anderson, John Farrow"
367,tt0049233,2012-07-24,2012-07-24,,"Friendly Persuasion","Friendly Persuasion",https://www.imdb.com/title/tt0049233/,Movie,7.3,137,1956,"Drama, Family, Romance, War, Western",7920,1956-11-25,"William Wyler"
368,tt0049261,2012-07-24,2012-07-24,,"Giant","Giant",https://www.imdb.com/title/tt0049261/,Movie,7.6,201,1956,"Drama, Western",42921,1956-11-24,"George Stevens"
369,tt0049408,2012-07-24,2012-07-24,,"The King and I","The King and I",https://www.imdb.com/title/tt0049408/,Movie,7.4,133,1956,"Biography, Drama, Musical, Romance",28239,1956-06-29,"Walter Lang"
370,tt0049833,2012-07-24,2012-07-24,,"The Ten Commandments","The Ten Commandments",https://www.imdb.com/title/tt0049833/,Movie,7.9,220,1956,"Adventure, Drama, Family, History",78920,1956-10-05,"Cecil B. DeMille"
371,tt0048356,2012-07-24,2012-07-24,"&#9733 1956 Best Picture Winner &#9733","Marty","Marty",https://www.imdb.com/title/tt0048356/,Movie,7.7,90,1955,"Drama, Romance",27691,1955-06-10,"Delbert Mann"
372,tt0048316,2012-07-24,2012-07-24,,"Love Is a Many-Splendored Thing","Love Is a Many-Splendored Thing",https://www.imdb.com/title/tt0048316/,Movie,6.4,102,1955,"Biography, Drama, Romance, War",5455,1955-09-26,"Henry King, Otto Lang"
373,tt0048380,2012-07-24,2012-07-24,,"Mister Roberts","Mister Roberts",https://www.imdb.com/title/tt0048380/,Movie,7.6,123,1955,"Comedy, Drama, War",18568,1955-07-30,"John Ford, Mervyn LeRoy, Joshua Logan"
374,tt0048491,2012-07-24,2012-07-24,,"Picnic","Picnic",https://www.imdb.com/title/tt0048491/,Movie,7.0,115,1955,"Drama, Romance",10066,1955-12,"Joshua Logan"
375,tt0048563,2012-07-24,2012-07-24,,"The Rose Tattoo","The Rose Tattoo",https://www.imdb.com/title/tt0048563/,Movie,6.9,117,1955,"Comedy, Drama, Romance",4667,1955-12-13,"Daniel Mann"
376,tt0047296,2012-07-24,2012-07-24,"&#9733 1955 Best Picture Winner &#9733","On the Waterfront","On the Waterfront",https://www.imdb.com/title/tt0047296/,Movie,8.1,108,1954,"Crime, Drama, Thriller",167713,1954-06-22,"Elia Kazan"
377,tt0046816,2012-07-24,2012-07-24,,"The Caine Mutiny","The Caine Mutiny",https://www.imdb.com/title/tt0046816/,Movie,7.7,124,1954,"Drama, War",30680,1954-06-24,"Edward Dmytryk"
378,tt0046874,2012-07-24,2012-07-24,,"The Country Girl","The Country Girl",https://www.imdb.com/title/tt0046874/,Movie,7.2,104,1954,"Drama, Music",6903,1955-05-17,"George Seaton"
379,tt0047472,2012-07-24,2012-07-24,,"Seven Brides for Seven Brothers","Seven Brides for Seven Brothers",https://www.imdb.com/title/tt0047472/,Movie,7.3,102,1954,"Musical, Romance, Western",27555,1954-08-06,"Stanley Donen"
380,tt0047580,2012-07-24,2012-07-24,,"Three Coins in the Fountain","Three Coins in the Fountain",https://www.imdb.com/title/tt0047580/,Movie,6.2,102,1954,"Drama, Romance",3833,1954-05,"Jean Negulesco"
381,tt0045793,2012-07-24,2012-07-24,"&#9733 1954 Best Picture Winner &#9733","From Here to Eternity","From Here to Eternity",https://www.imdb.com/title/tt0045793/,Movie,7.6,118,1953,"Drama, Romance, War",51678,1953-08-28,"Fred Zinnemann"
382,tt0045943,2012-07-24,2012-07-24,,"Julius Caesar","Julius Caesar",https://www.imdb.com/title/tt0045943/,Movie,7.2,120,1953,"Drama, History",13151,1953-06-04,"Joseph L. Mankiewicz"
383,tt0046247,2012-07-24,2012-07-24,,"The Robe","The Robe",https://www.imdb.com/title/tt0046247/,Movie,6.7,135,1953,"Drama, History, Romance",11931,1953-12-04,"Henry Koster"
384,tt0046250,2012-07-24,2012-07-24,,"Roman Holiday","Roman Holiday",https://www.imdb.com/title/tt0046250/,Movie,8.0,118,1953,"Comedy, Drama, Romance",149674,1953-09-02,"William Wyler"
385,tt0046303,2012-07-24,2012-07-24,,"Shane","Shane",https://www.imdb.com/title/tt0046303/,Movie,7.6,118,1953,"Drama, Western",44885,1953-08-14,"George Stevens"
386,tt0044672,2012-07-24,2012-07-24,"&#9733 1953 Best Picture Winner &#9733","The Greatest Show on Earth","The Greatest Show on Earth",https://www.imdb.com/title/tt0044672/,Movie,6.5,152,1952,"Drama, Family, Romance",16300,1952-05,"Cecil B. DeMille"
387,tt0044706,2012-07-24,2012-07-24,,"High Noon","High Noon",https://www.imdb.com/title/tt0044706/,Movie,7.9,85,1952,"Drama, Thriller, Western",111668,1952-07-30,"Fred Zinnemann"
388,tt0044760,2012-07-24,2012-07-24,,"Ivanhoe","Ivanhoe",https://www.imdb.com/title/tt0044760/,Movie,6.7,106,1952,"Adventure, Drama, Romance",10428,1953-02-20,"Richard Thorpe"
389,tt0044926,2012-07-24,2012-07-24,,"Moulin Rouge","Moulin Rouge",https://www.imdb.com/title/tt0044926/,Movie,7.0,119,1952,"Biography, Drama, Music, Romance",6716,1953-04-10,"John Huston"
390,tt0045061,2012-07-24,2012-07-24,,"The Quiet Man","The Quiet Man",https://www.imdb.com/title/tt0045061/,Movie,7.7,129,1952,"Comedy, Drama, Romance",43115,1952-09-14,"John Ford"
391,tt0043278,2012-07-24,2012-07-24,"&#9733 1952 Best Picture Winner &#9733","An American in Paris","An American in Paris",https://www.imdb.com/title/tt0043278/,Movie,7.1,114,1951,"Drama, Musical, Romance",37408,1951-11-11,"Vincente Minnelli"
392,tt0043459,2012-07-24,2012-07-24,,"Decision Before Dawn","Decision Before Dawn",https://www.imdb.com/title/tt0043459/,Movie,7.2,119,1951,"Drama, War",3056,1952-02-25,"Anatole Litvak"
393,tt0043924,2012-07-24,2012-07-24,,"A Place in the Sun","A Place in the Sun",https://www.imdb.com/title/tt0043924/,Movie,7.7,122,1951,"Drama, Romance",25279,1951-11-09,"George Stevens"
394,tt0043949,2012-07-24,2012-07-24,,"Quo Vadis","Quo Vadis",https://www.imdb.com/title/tt0043949/,Movie,7.1,171,1951,"Biography, Drama, Romance",17125,1951-12-25,"Mervyn LeRoy, Anthony Mann"
395,tt0044081,2012-07-24,2012-07-24,,"A Streetcar Named Desire","A Streetcar Named Desire",https://www.imdb.com/title/tt0044081/,Movie,7.9,122,1951,"Drama",115580,1951-09-19,"Elia Kazan"
396,tt0042192,2012-07-24,2012-07-24,"&#9733 1951 Best Picture Winner &#9733","All About Eve","All About Eve",https://www.imdb.com/title/tt0042192/,Movie,8.2,138,1950,"Drama",140757,1950-10-27,"Joseph L. Mankiewicz"
397,tt0042276,2012-07-24,2012-07-24,,"Born Yesterday","Born Yesterday",https://www.imdb.com/title/tt0042276/,Movie,7.5,103,1950,"Comedy, Drama, Romance",12647,1951-02,"George Cukor"
398,tt0042451,2012-07-24,2012-07-24,,"Father of the Bride","Father of the Bride",https://www.imdb.com/title/tt0042451/,Movie,7.1,92,1950,"Comedy, Drama, Romance",12755,1950-06-16,"Vincente Minnelli"
399,tt0042646,2012-07-24,2012-07-24,,"King Solomon's Mines","King Solomon's Mines",https://www.imdb.com/title/tt0042646/,Movie,6.7,103,1950,"Action, Adventure, Romance",7148,1950-11-24,"Compton Bennett, Andrew Marton"
400,tt0043014,2012-07-24,2012-07-24,,"Sunset Boulevard","Sunset Blvd.",https://www.imdb.com/title/tt0043014/,Movie,8.4,110,1950,"Drama, Film-Noir",240483,1950-08-04,"Billy Wilder"
401,tt0041113,2012-07-24,2012-07-24,"&#9733 1950 Best Picture Winner &#9733","All the King's Men","All the King's Men",https://www.imdb.com/title/tt0041113/,Movie,7.4,110,1949,"Drama, Film-Noir",16932,1950-01,"Robert Rossen"
402,tt0041163,2012-07-24,2012-07-24,,"Battleground","Battleground",https://www.imdb.com/title/tt0041163/,Movie,7.4,118,1949,"Action, Drama, History, War",7982,1950-01-20,"William A. Wellman"
403,tt0041452,2012-07-24,2012-07-24,,"The Heiress","The Heiress",https://www.imdb.com/title/tt0041452/,Movie,8.1,115,1949,"Drama, Romance",17649,1949-12-28,"William Wyler"
404,tt0041587,2012-07-24,2012-07-24,,"A Letter to Three Wives","A Letter to Three Wives",https://www.imdb.com/title/tt0041587/,Movie,7.7,103,1949,"Comedy, Drama, Romance",11007,1949-02-03,"Joseph L. Mankiewicz"
405,tt0041996,2012-07-24,2012-07-24,,"Twelve O'Clock High","Twelve O'Clock High",https://www.imdb.com/title/tt0041996/,Movie,7.7,132,1949,"Drama, War",16031,1950-02-13,"Henry King"
406,tt0040416,2012-07-27,2012-07-27,"&#9733 1949 Best Picture Winner &#9733","Hamlet","Hamlet",https://www.imdb.com/title/tt0040416/,Movie,7.6,154,1948,"Drama",18697,1948-06-11,"Laurence Olivier"
407,tt0040495,2012-07-27,2012-07-27,,"Johnny Belinda","Johnny Belinda",https://www.imdb.com/title/tt0040495/,Movie,7.7,102,1948,"Drama",5416,1948-09-14,"Jean Negulesco"
408,tt0040725,2012-07-27,2012-07-27,,"The Red Shoes","The Red Shoes",https://www.imdb.com/title/tt0040725/,Movie,8.1,135,1948,"Drama, Music, Romance",40107,1948-10-22,"Michael Powell, Emeric Pressburger"
409,tt0040806,2012-07-27,2012-07-27,,"The Snake Pit","The Snake Pit",https://www.imdb.com/title/tt0040806/,Movie,7.6,108,1948,"Drama, Mystery",8575,1948-11-13,"Anatole Litvak"
410,tt0040897,2012-07-27,2012-07-27,,"The Treasure of the Sierra Madre","The Treasure of the Sierra Madre",https://www.imdb.com/title/tt0040897/,Movie,8.2,126,1948,"Adventure, Drama, Western",134154,1948-01-24,"John Huston"
411,tt0039416,2012-07-27,2012-07-27,"&#9733 1948 Best Picture Winner &#9733","Gentleman's Agreement","Gentleman's Agreement",https://www.imdb.com/title/tt0039416/,Movie,7.2,118,1947,"Drama, Romance",18041,1948-03,"Elia Kazan"
412,tt0039190,2012-07-27,2012-07-27,,"The Bishop's Wife","The Bishop's Wife",https://www.imdb.com/title/tt0039190/,Movie,7.6,109,1947,"Comedy, Drama, Fantasy, Romance",21153,1948-02-16,"Henry Koster"
413,tt0039286,2012-07-27,2012-07-27,,"Crossfire","Crossfire",https://www.imdb.com/title/tt0039286/,Movie,7.3,86,1947,"Crime, Drama, Film-Noir, Mystery",9914,1947-08-15,"Edward Dmytryk"
414,tt0038574,2012-07-27,2012-07-27,,"Great Expectations","Great Expectations",https://www.imdb.com/title/tt0038574/,Movie,7.8,118,1946,"Adventure, Drama, Mystery, Romance",26797,1947-05-22,"David Lean"
415,tt0039628,2012-07-27,2012-07-27,,"Miracle on 34th Street","Miracle on 34th Street",https://www.imdb.com/title/tt0039628/,Movie,7.9,96,1947,"Comedy, Drama, Family",55403,1947-07-04,"George Seaton"
416,tt0036868,2012-07-27,2012-07-27,"&#9733 1947 Best Picture Winner &#9733","The Best Years of Our Lives","The Best Years of Our Lives",https://www.imdb.com/title/tt0036868/,Movie,8.1,170,1946,"Drama, Romance, War",71930,1947-05-29,"William Wyler"
417,tt0036910,2012-07-27,2012-07-27,,"Henry V","The Chronicle History of King Henry the Fifth with His Battell Fought at Agincourt in France",https://www.imdb.com/title/tt0036910/,Movie,7.0,137,1944,"Biography, Drama, History, War",7202,1945-10-28,"Laurence Olivier"
418,tt0038650,2012-07-27,2012-07-27,,"It's a Wonderful Life","It's a Wonderful Life",https://www.imdb.com/title/tt0038650/,Movie,8.6,130,1946,"Drama, Family, Fantasy, Romance",506394,1947-01-07,"Frank Capra"
419,tt0038873,2012-07-27,2012-07-27,,"The Razor's Edge","The Razor's Edge",https://www.imdb.com/title/tt0038873/,Movie,7.3,145,1946,"Drama, Romance",6943,1946-12-25,"Edmund Goulding"
420,tt0039111,2012-07-27,2012-07-27,,"The Yearling","The Yearling",https://www.imdb.com/title/tt0039111/,Movie,7.2,128,1946,"Drama, Family, Western",6558,1947-05,"Clarence Brown"
421,tt0037884,2012-07-27,2012-07-27,"&#9733 1946 Best Picture Winner &#9733","The Lost Weekend","The Lost Weekend",https://www.imdb.com/title/tt0037884/,Movie,7.9,101,1945,"Drama, Film-Noir",40861,1946-01,"Billy Wilder"
422,tt0037514,2012-07-27,2012-07-27,,"Anchors Aweigh","Anchors Aweigh",https://www.imdb.com/title/tt0037514/,Movie,7.0,140,1945,"Comedy, Fantasy, Musical",9569,1945-08-13,"George Sidney, Joseph Barbera, William Hanna"
423,tt0037536,2012-07-27,2012-07-27,,"The Bells of St. Mary's","The Bells of St. Mary's",https://www.imdb.com/title/tt0037536/,Movie,7.2,126,1945,"Drama",9507,1946-02-21,"Leo McCarey"
424,tt0037913,2012-07-27,2012-07-27,,"Mildred Pierce","Mildred Pierce",https://www.imdb.com/title/tt0037913/,Movie,7.9,111,1945,"Crime, Drama, Film-Noir, Mystery, Romance",29209,1945-10-20,"Michael Curtiz"
425,tt0038109,2012-07-27,2012-07-27,,"Spellbound","Spellbound",https://www.imdb.com/title/tt0038109/,Movie,7.5,111,1945,"Film-Noir, Mystery, Romance, Thriller",53168,1945-12-28,"Alfred Hitchcock"
426,tt0036872,2012-07-27,2012-07-27,"&#9733 1945 Best Picture Winner &#9733","Going My Way","Going My Way",https://www.imdb.com/title/tt0036872/,Movie,7.0,126,1944,"Comedy, Drama, Music",13686,1944-10-02,"Leo McCarey"
427,tt0036775,2012-07-27,2012-07-27,,"Double Indemnity","Double Indemnity",https://www.imdb.com/title/tt0036775/,Movie,8.3,107,1944,"Crime, Drama, Film-Noir, Mystery, Thriller",170013,1944-07-06,"Billy Wilder"
428,tt0036855,2012-07-27,2012-07-27,,"Gaslight","Gaslight",https://www.imdb.com/title/tt0036855/,Movie,7.8,114,1944,"Crime, Drama, Mystery, Romance, Thriller",34803,1944-06-16,"George Cukor"
429,tt0037280,2012-07-27,2012-07-27,,"Since You Went Away","Since You Went Away",https://www.imdb.com/title/tt0037280/,Movie,7.5,177,1944,"Drama, Romance, War",5171,1944-07-20,"John Cromwell, Edward F. Cline, Tay Garnett, David O. Selznick"
430,tt0037465,2012-07-27,2012-07-27,,"Wilson","Wilson",https://www.imdb.com/title/tt0037465/,Movie,6.3,154,1944,"Biography, Drama, History, Music, Romance",1737,1945-08,"Henry King"
431,tt0034583,2012-07-27,2012-07-27,"&#9733 1944 Best Picture Winner &#9733","Casablanca","Casablanca",https://www.imdb.com/title/tt0034583/,Movie,8.5,102,1942,"Drama, Romance, War",614729,1943-01-23,"Michael Curtiz"
432,tt0035896,2012-07-27,2012-07-27,,"For Whom the Bell Tolls","For Whom the Bell Tolls",https://www.imdb.com/title/tt0035896/,Movie,6.8,170,1943,"Adventure, Drama, History, Romance, War",10445,1943-07-16,"Sam Wood"
433,tt0035979,2012-07-27,2012-07-27,,"Heaven Can Wait","Heaven Can Wait",https://www.imdb.com/title/tt0035979/,Movie,7.3,112,1943,"Comedy, Drama, Fantasy, Romance",12566,1943-08-13,"Ernst Lubitsch"
434,tt0036022,2012-07-27,2012-07-27,,"The Human Comedy","The Human Comedy",https://www.imdb.com/title/tt0036022/,Movie,7.0,117,1943,"Comedy, Drama, Family, Romance, War",2526,1944-02-14,"Clarence Brown"
435,tt0034891,2012-07-27,2012-07-27,,"In Which We Serve","In Which We Serve",https://www.imdb.com/title/tt0034891/,Movie,7.2,115,1942,"Drama, War",6543,1942-12-23,"Noël Coward, David Lean"
436,tt0036126,2012-07-27,2012-07-27,,"Madame Curie","Madame Curie",https://www.imdb.com/title/tt0036126/,Movie,7.2,124,1943,"Biography, Drama, Romance",3257,1944-02,"Mervyn LeRoy, Albert Lewin"
437,tt0036172,2012-07-27,2012-07-27,,"The More the Merrier","The More the Merrier",https://www.imdb.com/title/tt0036172/,Movie,7.6,104,1943,"Comedy",7674,1943-05-13,"George Stevens"
438,tt0036244,2012-07-27,2012-07-27,,"The Ox-Bow Incident","The Ox-Bow Incident",https://www.imdb.com/title/tt0036244/,Movie,8.0,75,1942,"Drama, Western",25354,1943-05-21,"William A. Wellman"
439,tt0036377,2012-07-27,2012-07-27,,"The Song of Bernadette","The Song of Bernadette",https://www.imdb.com/title/tt0036377/,Movie,7.6,156,1943,"Biography, Drama, Mystery",7764,1945-04,"Henry King"
440,tt0036515,2012-07-27,2012-07-27,,"Watch on the Rhine","Watch on the Rhine",https://www.imdb.com/title/tt0036515/,Movie,7.1,114,1943,"Drama, Thriller",5049,1943-08-27,"Herman Shumlin, Hal Mohr"
441,tt0035093,2012-07-27,2012-07-27,"&#9733 1943 Best Picture Winner &#9733","Mrs. Miniver","Mrs. Miniver",https://www.imdb.com/title/tt0035093/,Movie,7.6,134,1942,"Drama, Romance, War",19772,1942-07-29,"William Wyler"
442,tt0033627,2012-07-27,2012-07-27,,"49th Parallel","49th Parallel",https://www.imdb.com/title/tt0033627/,Movie,7.3,123,1941,"Drama, Thriller, War",7840,1942-04-15,"Michael Powell"
443,tt0034946,2012-07-27,2012-07-27,,"Kings Row","Kings Row",https://www.imdb.com/title/tt0034946/,Movie,7.5,127,1942,"Drama",5132,1942-04-18,"Sam Wood"
444,tt0035015,2012-07-27,2012-07-27,,"The Magnificent Ambersons","The Magnificent Ambersons",https://www.imdb.com/title/tt0035015/,Movie,7.6,88,1942,"Drama, Romance",27187,1942-07-10,"Orson Welles, Fred Fleck, Robert Wise"
445,tt0035189,2012-07-27,2012-07-27,,"The Pied Piper","The Pied Piper",https://www.imdb.com/title/tt0035189/,Movie,7.0,87,1942,"Drama, War",763,1942-08-21,"Irving Pichel"
446,tt0035211,2012-07-27,2012-07-27,,"The Pride of the Yankees","The Pride of the Yankees",https://www.imdb.com/title/tt0035211/,Movie,7.6,128,1942,"Biography, Drama, Romance, Sport",12190,1943-03-05,"Sam Wood"
447,tt0035238,2012-07-27,2012-07-27,,"Random Harvest","Random Harvest",https://www.imdb.com/title/tt0035238/,Movie,7.9,126,1942,"Drama, Romance",8554,1943-08-31,"Mervyn LeRoy"
448,tt0035417,2012-07-27,2012-07-27,,"The Talk of the Town","The Talk of the Town",https://www.imdb.com/title/tt0035417/,Movie,7.5,118,1942,"Comedy, Drama, Romance, Thriller",9279,1942-08-20,"George Stevens"
449,tt0035530,2012-07-27,2012-07-27,,"Wake Island","Wake Island",https://www.imdb.com/title/tt0035530/,Movie,6.7,88,1942,"Action, Drama, War",2309,1942-08-11,"John Farrow"
450,tt0035575,2012-07-27,2012-07-27,,"Yankee Doodle Dandy","Yankee Doodle Dandy",https://www.imdb.com/title/tt0035575/,Movie,7.6,126,1942,"Biography, Drama, Family, Music, Musical",17161,1942-06-06,"Michael Curtiz"
451,tt0033729,2012-07-27,2012-07-27,"&#9733 1942 Best Picture Winner &#9733","How Green Was My Valley","How Green Was My Valley",https://www.imdb.com/title/tt0033729/,Movie,7.7,118,1941,"Drama, Family",27069,1942-01-29,"John Ford"
452,tt0033407,2012-07-27,2012-07-27,,"Blossoms in the Dust","Blossoms in the Dust",https://www.imdb.com/title/tt0033407/,Movie,6.9,99,1941,"Biography, Drama, Romance",2334,1941-08-15,"Mervyn LeRoy"
453,tt0033467,2012-07-27,2012-07-27,,"Citizen Kane","Citizen Kane",https://www.imdb.com/title/tt0033467/,Movie,8.3,119,1941,"Drama, Mystery",471659,1941-09-05,"Orson Welles"
454,tt0033712,2012-07-27,2012-07-27,,"Here Comes Mr. Jordan","Here Comes Mr. Jordan",https://www.imdb.com/title/tt0033712/,Movie,7.5,94,1941,"Comedy, Fantasy, Romance",7509,1941-08-21,"Alexander Hall"
455,tt0033722,2012-07-27,2012-07-27,,"Hold Back the Dawn","Hold Back the Dawn",https://www.imdb.com/title/tt0033722/,Movie,7.3,116,1941,"Drama, Romance",2864,1941-09-26,"Mitchell Leisen"
456,tt0033836,2012-07-27,2012-07-27,,"The Little Foxes","The Little Foxes",https://www.imdb.com/title/tt0033836/,Movie,7.9,116,1941,"Drama, Romance",13334,1941-08-29,"William Wyler"
457,tt0033870,2012-07-27,2012-07-27,,"The Maltese Falcon","The Maltese Falcon",https://www.imdb.com/title/tt0033870/,Movie,7.9,100,1941,"Crime, Film-Noir, Mystery, Romance",168290,1941-10-18,"John Huston"
458,tt0033980,2012-07-27,2012-07-27,,"One Foot in Heaven","One Foot in Heaven",https://www.imdb.com/title/tt0033980/,Movie,6.7,108,1941,"Biography, Drama, Romance",1512,1941-11-01,"Irving Rapper"
459,tt0034167,2012-07-27,2012-07-27,,"Sergeant York","Sergeant York",https://www.imdb.com/title/tt0034167/,Movie,7.7,134,1941,"Biography, Drama, History, Romance, War",20108,1941-09-27,"Howard Hawks"
460,tt0034248,2012-07-27,2012-07-27,,"Suspicion","Suspicion",https://www.imdb.com/title/tt0034248/,Movie,7.3,99,1941,"Film-Noir, Mystery, Thriller",43337,1941-11-14,"Alfred Hitchcock"
461,tt0032976,2012-07-27,2012-07-27,"&#9733 1941 Best Picture Winner &#9733","Rebecca","Rebecca",https://www.imdb.com/title/tt0032976/,Movie,8.1,130,1940,"Drama, Mystery, Romance, Thriller",149060,1940-04-12,"Alfred Hitchcock"
462,tt0032194,2012-07-27,2012-07-27,,"All This, and Heaven Too","All This, and Heaven Too",https://www.imdb.com/title/tt0032194/,Movie,7.4,141,1940,"Drama, Romance",5485,1940-07-13,"Anatole Litvak"
463,tt0032484,2012-07-27,2012-07-27,,"Foreign Correspondent","Foreign Correspondent",https://www.imdb.com/title/tt0032484/,Movie,7.4,120,1940,"Action, Romance, Thriller, War",24226,1940-08-16,"Alfred Hitchcock"
464,tt0032551,2012-07-27,2012-07-27,,"The Grapes of Wrath","The Grapes of Wrath",https://www.imdb.com/title/tt0032551/,Movie,8.1,129,1940,"Drama",101510,1940-03-15,"John Ford"
465,tt0032553,2012-07-27,2012-07-27,,"The Great Dictator","The Great Dictator",https://www.imdb.com/title/tt0032553/,Movie,8.4,125,1940,"Comedy, Drama, War",240839,1941-03-07,"Charles Chaplin"
466,tt0032671,2012-07-27,2012-07-27,,"Kitty Foyle","Kitty Foyle",https://www.imdb.com/title/tt0032671/,Movie,6.9,108,1940,"Drama, Romance",4115,1940-12-27,"Sam Wood"
467,tt0032701,2012-07-27,2012-07-27,,"The Letter","The Letter",https://www.imdb.com/title/tt0032701/,Movie,7.5,95,1940,"Crime, Drama, Film-Noir, Mystery, Romance",14882,1940-11-23,"William Wyler"
468,tt0032728,2012-07-27,2012-07-27,,"The Long Voyage Home","The Long Voyage Home",https://www.imdb.com/title/tt0032728/,Movie,6.9,105,1940,"Drama, War",5101,1940-11-22,"John Ford"
469,tt0032881,2012-07-27,2012-07-27,,"Our Town","Our Town",https://www.imdb.com/title/tt0032881/,Movie,6.5,90,1940,"Drama, Family, Romance",3066,1940-05-24,"Sam Wood"
470,tt0032904,2012-07-27,2012-07-27,,"The Philadelphia Story","The Philadelphia Story",https://www.imdb.com/title/tt0032904/,Movie,7.8,112,1940,"Comedy, Romance",74882,1941-01-17,"George Cukor"
471,tt0031381,2012-07-27,2012-07-27,"&#9733 1940 Best Picture Winner &#9733","Gone with the Wind","Gone with the Wind",https://www.imdb.com/title/tt0031381/,Movie,8.2,238,1939,"Drama, Romance, War",338676,1940-01-17,"Victor Fleming, George Cukor, Sam Wood"
472,tt0031210,2012-07-27,2012-07-27,,"Dark Victory","Dark Victory",https://www.imdb.com/title/tt0031210/,Movie,7.4,104,1939,"Drama, Romance",12655,1939-04-22,"Edmund Goulding"
473,tt0031385,2012-07-27,2012-07-27,,"Goodbye, Mr. Chips","Goodbye, Mr. Chips",https://www.imdb.com/title/tt0031385/,Movie,7.9,114,1939,"Drama, Romance",11726,1939-07-28,"Sam Wood, Sidney Franklin"
474,tt0031593,2012-07-27,2012-07-27,,"Love Affair","Love Affair",https://www.imdb.com/title/tt0031593/,Movie,7.3,88,1939,"Comedy, Drama, Romance",6607,1939-04-07,"Leo McCarey"
475,tt0031679,2012-07-27,2012-07-27,,"Mr. Smith Goes to Washington","Mr. Smith Goes to Washington",https://www.imdb.com/title/tt0031679/,Movie,8.1,129,1939,"Comedy, Drama",123006,1939-10-19,"Frank Capra"
476,tt0031725,2012-07-27,2012-07-27,,"Ninotchka","Ninotchka",https://www.imdb.com/title/tt0031725/,Movie,7.8,110,1939,"Comedy, Romance",23350,1939-11-23,"Ernst Lubitsch"
477,tt0031742,2012-07-27,2012-07-27,,"Of Mice and Men","Of Mice and Men",https://www.imdb.com/title/tt0031742/,Movie,7.8,106,1939,"Adventure, Drama",7009,1940-01-12,"Lewis Milestone"
478,tt0031971,2012-07-27,2012-07-27,,"Stagecoach","Stagecoach",https://www.imdb.com/title/tt0031971/,Movie,7.8,96,1939,"Adventure, Drama, Western",54974,1939-03-03,"John Ford"
479,tt0032138,2012-07-27,2012-07-27,,"The Wizard of Oz","The Wizard of Oz",https://www.imdb.com/title/tt0032138/,Movie,8.1,102,1939,"Adventure, Family, Fantasy, Musical",435255,1939-08-25,"Victor Fleming, King Vidor"
480,tt0032145,2012-07-27,2012-07-27,,"Wuthering Heights","Wuthering Heights",https://www.imdb.com/title/tt0032145/,Movie,7.5,104,1939,"Drama, Romance",20087,1939-04-07,"William Wyler"
